_id,Year_Month,Route,Card Type,Trip
1,2024-01,118F Newcastle,Adult,9507
2,2024-01,118F Newcastle,CTP,20859
3,2024-01,118F Newcastle,Child/Youth,3731
4,2024-01,118F Newcastle,Concession,526
5,2024-01,118F Newcastle,Day Pass without SAF,3
6,2024-01,118F Newcastle,Employee,249
7,2024-01,118F Newcastle,Free Travel,420
8,2024-01,118F Newcastle,School Student,10
9,2024-01,118F Newcastle,Senior/Pensioner,11400
10,2024-01,F1 Manly,Adult,217262
11,2024-01,F1 Manly,CTP,417439
12,2024-01,F1 Manly,Child/Youth,69775
13,2024-01,F1 Manly,Concession,8549
14,2024-01,F1 Manly,Day Pass without SAF,40
15,2024-01,F1 Manly,Employee,1822
16,2024-01,F1 Manly,Free Travel,630
17,2024-01,F1 Manly,School Student,227
18,2024-01,F1 Manly,Senior/Pensioner,75252
19,2024-01,F1 Manly,Sgl Trip Ferry Adult,17384
20,2024-01,F1 Manly,Sgl Trip Ferry Child/Youth,11881
21,2024-01,F2 Taronga Zoo,Adult,41952
22,2024-01,F2 Taronga Zoo,CTP,76417
23,2024-01,F2 Taronga Zoo,Child/Youth,19665
24,2024-01,F2 Taronga Zoo,Concession,1449
25,2024-01,F2 Taronga Zoo,Day Pass without SAF,0
26,2024-01,F2 Taronga Zoo,Employee,282
27,2024-01,F2 Taronga Zoo,Free Travel,70
28,2024-01,F2 Taronga Zoo,School Student,34
29,2024-01,F2 Taronga Zoo,Senior/Pensioner,9303
30,2024-01,F2 Taronga Zoo,Sgl Trip Ferry Adult,5285
31,2024-01,F2 Taronga Zoo,Sgl Trip Ferry Child/Youth,3593
32,2024-01,F3 Parramatta River,Adult,72415
33,2024-01,F3 Parramatta River,CTP,100538
34,2024-01,F3 Parramatta River,Child/Youth,22551
35,2024-01,F3 Parramatta River,Concession,3071
36,2024-01,F3 Parramatta River,Day Pass without SAF,4
37,2024-01,F3 Parramatta River,Employee,914
38,2024-01,F3 Parramatta River,Free Travel,243
39,2024-01,F3 Parramatta River,School Student,111
40,2024-01,F3 Parramatta River,Senior/Pensioner,34075
41,2024-01,F3 Parramatta River,Sgl Trip Ferry Adult,6122
42,2024-01,F3 Parramatta River,Sgl Trip Ferry Child/Youth,2929
43,2024-01,F4 Pyrmont Bay,Adult,77396
44,2024-01,F4 Pyrmont Bay,CTP,132982
45,2024-01,F4 Pyrmont Bay,Child/Youth,37955
46,2024-01,F4 Pyrmont Bay,Concession,2597
47,2024-01,F4 Pyrmont Bay,Day Pass Child/Youth w/o SAF,1
48,2024-01,F4 Pyrmont Bay,Day Pass without SAF,4
49,2024-01,F4 Pyrmont Bay,Employee,765
50,2024-01,F4 Pyrmont Bay,Free Travel,269
51,2024-01,F4 Pyrmont Bay,School Student,143
52,2024-01,F4 Pyrmont Bay,Senior/Pensioner,32674
53,2024-01,F4 Pyrmont Bay,Sgl Trip Ferry Adult,6781
54,2024-01,F4 Pyrmont Bay,Sgl Trip Ferry Child/Youth,5549
55,2024-01,F5 Neutral Bay,Adult,12226
56,2024-01,F5 Neutral Bay,CTP,23641
57,2024-01,F5 Neutral Bay,Child/Youth,2269
58,2024-01,F5 Neutral Bay,Concession,557
59,2024-01,F5 Neutral Bay,Day Pass without SAF,0
60,2024-01,F5 Neutral Bay,Employee,154
61,2024-01,F5 Neutral Bay,Free Travel,83
62,2024-01,F5 Neutral Bay,School Student,11
63,2024-01,F5 Neutral Bay,Senior/Pensioner,8007
64,2024-01,F5 Neutral Bay,Sgl Trip Ferry Adult,510
65,2024-01,F5 Neutral Bay,Sgl Trip Ferry Child/Youth,322
66,2024-01,F6 Mosman Bay,Adult,15629
67,2024-01,F6 Mosman Bay,CTP,28999
68,2024-01,F6 Mosman Bay,Child/Youth,3230
69,2024-01,F6 Mosman Bay,Concession,870
70,2024-01,F6 Mosman Bay,Day Pass without SAF,0
71,2024-01,F6 Mosman Bay,Employee,146
72,2024-01,F6 Mosman Bay,Free Travel,74
73,2024-01,F6 Mosman Bay,School Student,14
74,2024-01,F6 Mosman Bay,Senior/Pensioner,11406
75,2024-01,F6 Mosman Bay,Sgl Trip Ferry Adult,703
76,2024-01,F6 Mosman Bay,Sgl Trip Ferry Child/Youth,537
77,2024-01,F7 Double Bay,Adult,4752
78,2024-01,F7 Double Bay,CTP,11370
79,2024-01,F7 Double Bay,Child/Youth,974
80,2024-01,F7 Double Bay,Concession,99
81,2024-01,F7 Double Bay,Day Pass without SAF,0
82,2024-01,F7 Double Bay,Employee,22
83,2024-01,F7 Double Bay,Free Travel,10
84,2024-01,F7 Double Bay,School Student,2
85,2024-01,F7 Double Bay,Senior/Pensioner,3175
86,2024-01,F7 Double Bay,Sgl Trip Ferry Adult,153
87,2024-01,F7 Double Bay,Sgl Trip Ferry Child/Youth,77
88,2024-01,F8 Cockatoo Island,Adult,13417
89,2024-01,F8 Cockatoo Island,CTP,21516
90,2024-01,F8 Cockatoo Island,Child/Youth,4193
91,2024-01,F8 Cockatoo Island,Concession,651
92,2024-01,F8 Cockatoo Island,Day Pass without SAF,0
93,2024-01,F8 Cockatoo Island,Employee,125
94,2024-01,F8 Cockatoo Island,Free Travel,68
95,2024-01,F8 Cockatoo Island,School Student,34
96,2024-01,F8 Cockatoo Island,Senior/Pensioner,8342
97,2024-01,F8 Cockatoo Island,Sgl Trip Ferry Adult,424
98,2024-01,F8 Cockatoo Island,Sgl Trip Ferry Child/Youth,385
99,2024-01,F9 Watsons Bay,Adult,41482
100,2024-01,F9 Watsons Bay,CTP,85636
101,2024-01,F9 Watsons Bay,Child/Youth,12025
102,2024-01,F9 Watsons Bay,Concession,1328
103,2024-01,F9 Watsons Bay,Day Pass without SAF,4
104,2024-01,F9 Watsons Bay,Employee,312
105,2024-01,F9 Watsons Bay,Free Travel,110
106,2024-01,F9 Watsons Bay,School Student,33
107,2024-01,F9 Watsons Bay,Senior/Pensioner,18986
108,2024-01,F9 Watsons Bay,Sgl Trip Ferry Adult,2164
109,2024-01,F9 Watsons Bay,Sgl Trip Ferry Child/Youth,1211
110,2024-01,UNALLOCATED unallocated trips,Adult,5
111,2024-01,UNALLOCATED unallocated trips,CTP,8
112,2024-01,UNALLOCATED unallocated trips,Child/Youth,1
113,2024-01,UNALLOCATED unallocated trips,Senior/Pensioner,1
114,2024-02,118F Newcastle,Adult,7374
115,2024-02,118F Newcastle,CTP,15137
116,2024-02,118F Newcastle,Child/Youth,892
117,2024-02,118F Newcastle,Concession,612
118,2024-02,118F Newcastle,Employee,265
119,2024-02,118F Newcastle,Free Travel,321
120,2024-02,118F Newcastle,School Student,402
121,2024-02,118F Newcastle,Senior/Pensioner,9138
122,2024-02,F1 Manly,Adult,189793
123,2024-02,F1 Manly,CTP,380419
124,2024-02,F1 Manly,Child/Youth,21894
125,2024-02,F1 Manly,Concession,9029
126,2024-02,F1 Manly,Day Pass without SAF,39
127,2024-02,F1 Manly,Employee,1484
128,2024-02,F1 Manly,Free Travel,532
129,2024-02,F1 Manly,School Student,2228
130,2024-02,F1 Manly,Senior/Pensioner,64759
131,2024-02,F1 Manly,Sgl Trip Ferry Adult,12841
132,2024-02,F1 Manly,Sgl Trip Ferry Child/Youth,4225
133,2024-02,F2 Taronga Zoo,Adult,37380
134,2024-02,F2 Taronga Zoo,CTP,70382
135,2024-02,F2 Taronga Zoo,Child/Youth,8262
136,2024-02,F2 Taronga Zoo,Concession,1424
137,2024-02,F2 Taronga Zoo,Employee,139
138,2024-02,F2 Taronga Zoo,Free Travel,65
139,2024-02,F2 Taronga Zoo,School Student,494
140,2024-02,F2 Taronga Zoo,Senior/Pensioner,7183
141,2024-02,F2 Taronga Zoo,Sgl Trip Ferry Adult,4354
142,2024-02,F2 Taronga Zoo,Sgl Trip Ferry Child/Youth,1777
143,2024-02,F3 Parramatta River,Adult,63931
144,2024-02,F3 Parramatta River,CTP,91238
145,2024-02,F3 Parramatta River,Child/Youth,7546
146,2024-02,F3 Parramatta River,Concession,2936
147,2024-02,F3 Parramatta River,Day Pass without SAF,2
148,2024-02,F3 Parramatta River,Employee,751
149,2024-02,F3 Parramatta River,Free Travel,215
150,2024-02,F3 Parramatta River,School Student,3651
151,2024-02,F3 Parramatta River,Senior/Pensioner,29441
152,2024-02,F3 Parramatta River,Sgl Trip Ferry Adult,5190
153,2024-02,F3 Parramatta River,Sgl Trip Ferry Child/Youth,964
154,2024-02,F3 Parramatta River,UNKNOWN,0
155,2024-02,F4 Pyrmont Bay,Adult,59495
156,2024-02,F4 Pyrmont Bay,CTP,109812
157,2024-02,F4 Pyrmont Bay,Child/Youth,14406
158,2024-02,F4 Pyrmont Bay,Concession,2187
159,2024-02,F4 Pyrmont Bay,Day Pass without SAF,6
160,2024-02,F4 Pyrmont Bay,Employee,646
161,2024-02,F4 Pyrmont Bay,Free Travel,171
162,2024-02,F4 Pyrmont Bay,School Student,2171
163,2024-02,F4 Pyrmont Bay,Senior/Pensioner,24845
164,2024-02,F4 Pyrmont Bay,Sgl Trip Ferry Adult,4872
165,2024-02,F4 Pyrmont Bay,Sgl Trip Ferry Child/Youth,1977
166,2024-02,F4 Pyrmont Bay,UNKNOWN,1
167,2024-02,F5 Neutral Bay,Adult,11987
168,2024-02,F5 Neutral Bay,CTP,25103
169,2024-02,F5 Neutral Bay,Child/Youth,877
170,2024-02,F5 Neutral Bay,Concession,725
171,2024-02,F5 Neutral Bay,Employee,156
172,2024-02,F5 Neutral Bay,Free Travel,65
173,2024-02,F5 Neutral Bay,School Student,146
174,2024-02,F5 Neutral Bay,Senior/Pensioner,8007
175,2024-02,F5 Neutral Bay,Sgl Trip Ferry Adult,475
176,2024-02,F5 Neutral Bay,Sgl Trip Ferry Child/Youth,144
177,2024-02,F6 Mosman Bay,Adult,16294
178,2024-02,F6 Mosman Bay,CTP,31081
179,2024-02,F6 Mosman Bay,Child/Youth,1101
180,2024-02,F6 Mosman Bay,Concession,1272
181,2024-02,F6 Mosman Bay,Employee,152
182,2024-02,F6 Mosman Bay,Free Travel,92
183,2024-02,F6 Mosman Bay,School Student,155
184,2024-02,F6 Mosman Bay,Senior/Pensioner,11648
185,2024-02,F6 Mosman Bay,Sgl Trip Ferry Adult,546
186,2024-02,F6 Mosman Bay,Sgl Trip Ferry Child/Youth,194
187,2024-02,F7 Double Bay,Adult,4517
188,2024-02,F7 Double Bay,CTP,12187
189,2024-02,F7 Double Bay,Child/Youth,329
190,2024-02,F7 Double Bay,Concession,116
191,2024-02,F7 Double Bay,Employee,18
192,2024-02,F7 Double Bay,Free Travel,10
193,2024-02,F7 Double Bay,School Student,93
194,2024-02,F7 Double Bay,Senior/Pensioner,3106
195,2024-02,F7 Double Bay,Sgl Trip Ferry Adult,142
196,2024-02,F7 Double Bay,Sgl Trip Ferry Child/Youth,39
197,2024-02,F8 Cockatoo Island,Adult,12317
198,2024-02,F8 Cockatoo Island,CTP,21094
199,2024-02,F8 Cockatoo Island,Child/Youth,2464
200,2024-02,F8 Cockatoo Island,Concession,801
201,2024-02,F8 Cockatoo Island,Employee,112
202,2024-02,F8 Cockatoo Island,Free Travel,71
203,2024-02,F8 Cockatoo Island,School Student,865
204,2024-02,F8 Cockatoo Island,Senior/Pensioner,7545
205,2024-02,F8 Cockatoo Island,Sgl Trip Ferry Adult,334
206,2024-02,F8 Cockatoo Island,Sgl Trip Ferry Child/Youth,107
207,2024-02,F9 Watsons Bay,Adult,37315
208,2024-02,F9 Watsons Bay,CTP,79202
209,2024-02,F9 Watsons Bay,Child/Youth,4641
210,2024-02,F9 Watsons Bay,Concession,1241
211,2024-02,F9 Watsons Bay,Employee,257
212,2024-02,F9 Watsons Bay,Free Travel,105
213,2024-02,F9 Watsons Bay,School Student,628
214,2024-02,F9 Watsons Bay,Senior/Pensioner,16734
215,2024-02,F9 Watsons Bay,Sgl Trip Ferry Adult,1695
216,2024-02,F9 Watsons Bay,Sgl Trip Ferry Child/Youth,609
217,2024-03,118F Newcastle,Adult,8066
218,2024-03,118F Newcastle,CTP,18241
219,2024-03,118F Newcastle,Child/Youth,1175
220,2024-03,118F Newcastle,Concession,1009
221,2024-03,118F Newcastle,Day Pass without SAF,3
222,2024-03,118F Newcastle,Employee,274
223,2024-03,118F Newcastle,Free Travel,331
224,2024-03,118F Newcastle,School Student,482
225,2024-03,118F Newcastle,Senior/Pensioner,9994
226,2024-03,F1 Manly,Adult,202763
227,2024-03,F1 Manly,CTP,403879
228,2024-03,F1 Manly,Child/Youth,24955
229,2024-03,F1 Manly,Concession,12331
230,2024-03,F1 Manly,Day Pass Child/Youth w/o SAF,4
231,2024-03,F1 Manly,Day Pass without SAF,35
232,2024-03,F1 Manly,Employee,1759
233,2024-03,F1 Manly,Free Travel,627
234,2024-03,F1 Manly,School Student,2406
235,2024-03,F1 Manly,Senior/Pensioner,74846
236,2024-03,F1 Manly,Sgl Trip Ferry Adult,12470
237,2024-03,F1 Manly,Sgl Trip Ferry Child/Youth,4769
238,2024-03,F1 Manly,UNKNOWN,11
239,2024-03,F2 Taronga Zoo,Adult,36784
240,2024-03,F2 Taronga Zoo,CTP,74336
241,2024-03,F2 Taronga Zoo,Child/Youth,8661
242,2024-03,F2 Taronga Zoo,Concession,1602
243,2024-03,F2 Taronga Zoo,Employee,172
244,2024-03,F2 Taronga Zoo,Free Travel,80
245,2024-03,F2 Taronga Zoo,School Student,547
246,2024-03,F2 Taronga Zoo,Senior/Pensioner,9420
247,2024-03,F2 Taronga Zoo,Sgl Trip Ferry Adult,3079
248,2024-03,F2 Taronga Zoo,Sgl Trip Ferry Child/Youth,1455
249,2024-03,F3 Parramatta River,Adult,70258
250,2024-03,F3 Parramatta River,CTP,100328
251,2024-03,F3 Parramatta River,Child/Youth,9492
252,2024-03,F3 Parramatta River,Concession,3487
253,2024-03,F3 Parramatta River,Day Pass without SAF,3
254,2024-03,F3 Parramatta River,Employee,756
255,2024-03,F3 Parramatta River,Free Travel,259
256,2024-03,F3 Parramatta River,School Student,3460
257,2024-03,F3 Parramatta River,Senior/Pensioner,35782
258,2024-03,F3 Parramatta River,Sgl Trip Ferry Adult,4260
259,2024-03,F3 Parramatta River,Sgl Trip Ferry Child/Youth,744
260,2024-03,F4 Pyrmont Bay,Adult,64036
261,2024-03,F4 Pyrmont Bay,CTP,118022
262,2024-03,F4 Pyrmont Bay,Child/Youth,14646
263,2024-03,F4 Pyrmont Bay,Concession,2658
264,2024-03,F4 Pyrmont Bay,Day Pass without SAF,1
265,2024-03,F4 Pyrmont Bay,Employee,620
266,2024-03,F4 Pyrmont Bay,Free Travel,203
267,2024-03,F4 Pyrmont Bay,School Student,1891
268,2024-03,F4 Pyrmont Bay,Senior/Pensioner,29535
269,2024-03,F4 Pyrmont Bay,Sgl Trip Ferry Adult,3642
270,2024-03,F4 Pyrmont Bay,Sgl Trip Ferry Child/Youth,1640
271,2024-03,F5 Neutral Bay,Adult,11828
272,2024-03,F5 Neutral Bay,CTP,23358
273,2024-03,F5 Neutral Bay,Child/Youth,695
274,2024-03,F5 Neutral Bay,Concession,837
275,2024-03,F5 Neutral Bay,Employee,168
276,2024-03,F5 Neutral Bay,Free Travel,60
277,2024-03,F5 Neutral Bay,School Student,127
278,2024-03,F5 Neutral Bay,Senior/Pensioner,8847
279,2024-03,F5 Neutral Bay,Sgl Trip Ferry Adult,237
280,2024-03,F5 Neutral Bay,Sgl Trip Ferry Child/Youth,66
281,2024-03,F6 Mosman Bay,Adult,17041
282,2024-03,F6 Mosman Bay,CTP,31068
283,2024-03,F6 Mosman Bay,Child/Youth,1356
284,2024-03,F6 Mosman Bay,Concession,1581
285,2024-03,F6 Mosman Bay,Employee,146
286,2024-03,F6 Mosman Bay,Free Travel,105
287,2024-03,F6 Mosman Bay,School Student,141
288,2024-03,F6 Mosman Bay,Senior/Pensioner,13801
289,2024-03,F6 Mosman Bay,Sgl Trip Ferry Adult,267
290,2024-03,F6 Mosman Bay,Sgl Trip Ferry Child/Youth,98
291,2024-03,F7 Double Bay,Adult,4782
292,2024-03,F7 Double Bay,CTP,12707
293,2024-03,F7 Double Bay,Child/Youth,458
294,2024-03,F7 Double Bay,Concession,112
295,2024-03,F7 Double Bay,Employee,28
296,2024-03,F7 Double Bay,Free Travel,3
297,2024-03,F7 Double Bay,School Student,65
298,2024-03,F7 Double Bay,Senior/Pensioner,3588
299,2024-03,F7 Double Bay,Sgl Trip Ferry Adult,42
300,2024-03,F7 Double Bay,Sgl Trip Ferry Child/Youth,9
301,2024-03,F8 Cockatoo Island,Adult,13688
302,2024-03,F8 Cockatoo Island,CTP,22664
303,2024-03,F8 Cockatoo Island,Child/Youth,3466
304,2024-03,F8 Cockatoo Island,Concession,968
305,2024-03,F8 Cockatoo Island,Employee,142
306,2024-03,F8 Cockatoo Island,Free Travel,85
307,2024-03,F8 Cockatoo Island,School Student,851
308,2024-03,F8 Cockatoo Island,Senior/Pensioner,9080
309,2024-03,F8 Cockatoo Island,Sgl Trip Ferry Adult,161
310,2024-03,F8 Cockatoo Island,Sgl Trip Ferry Child/Youth,70
311,2024-03,F9 Watsons Bay,Adult,41795
312,2024-03,F9 Watsons Bay,CTP,87854
313,2024-03,F9 Watsons Bay,Child/Youth,4637
314,2024-03,F9 Watsons Bay,Concession,1767
315,2024-03,F9 Watsons Bay,Employee,240
316,2024-03,F9 Watsons Bay,Free Travel,111
317,2024-03,F9 Watsons Bay,School Student,517
318,2024-03,F9 Watsons Bay,Senior/Pensioner,20462
319,2024-03,F9 Watsons Bay,Sgl Trip Ferry Adult,775
320,2024-03,F9 Watsons Bay,Sgl Trip Ferry Child/Youth,324
321,2024-04,118F Newcastle,Adult,8446
322,2024-04,118F Newcastle,CTP,19842
323,2024-04,118F Newcastle,Child/Youth,3165
324,2024-04,118F Newcastle,Concession,766
325,2024-04,118F Newcastle,Day Pass without SAF,2
326,2024-04,118F Newcastle,Employee,193
327,2024-04,118F Newcastle,Free Travel,324
328,2024-04,118F Newcastle,School Student,223
329,2024-04,118F Newcastle,Senior/Pensioner,10795
330,2024-04,F1 Manly,Adult,168929
331,2024-04,F1 Manly,CTP,322546
332,2024-04,F1 Manly,Child/Youth,38397
333,2024-04,F1 Manly,Concession,10153
334,2024-04,F1 Manly,Day Pass without SAF,22
335,2024-04,F1 Manly,Employee,1727
336,2024-04,F1 Manly,Free Travel,638
337,2024-04,F1 Manly,School Student,1269
338,2024-04,F1 Manly,Senior/Pensioner,66286
339,2024-04,F1 Manly,Sgl Trip Ferry Adult,10584
340,2024-04,F1 Manly,Sgl Trip Ferry Child/Youth,7266
341,2024-04,F2 Taronga Zoo,Adult,35108
342,2024-04,F2 Taronga Zoo,CTP,64411
343,2024-04,F2 Taronga Zoo,Child/Youth,15431
344,2024-04,F2 Taronga Zoo,Concession,1511
345,2024-04,F2 Taronga Zoo,Day Pass Child/Youth w/o SAF,2
346,2024-04,F2 Taronga Zoo,Day Pass without SAF,5
347,2024-04,F2 Taronga Zoo,Employee,260
348,2024-04,F2 Taronga Zoo,Free Travel,87
349,2024-04,F2 Taronga Zoo,School Student,230
350,2024-04,F2 Taronga Zoo,Senior/Pensioner,9021
351,2024-04,F2 Taronga Zoo,Sgl Trip Ferry Adult,3323
352,2024-04,F2 Taronga Zoo,Sgl Trip Ferry Child/Youth,2007
353,2024-04,F3 Parramatta River,Adult,64787
354,2024-04,F3 Parramatta River,CTP,89554
355,2024-04,F3 Parramatta River,Child/Youth,16067
356,2024-04,F3 Parramatta River,Concession,3065
357,2024-04,F3 Parramatta River,Day Pass without SAF,0
358,2024-04,F3 Parramatta River,Employee,833
359,2024-04,F3 Parramatta River,Free Travel,218
360,2024-04,F3 Parramatta River,School Student,1631
361,2024-04,F3 Parramatta River,Senior/Pensioner,33659
362,2024-04,F3 Parramatta River,Sgl Trip Ferry Adult,3312
363,2024-04,F3 Parramatta River,Sgl Trip Ferry Child/Youth,1310
364,2024-04,F4 Pyrmont Bay,Adult,60516
365,2024-04,F4 Pyrmont Bay,CTP,106618
366,2024-04,F4 Pyrmont Bay,Child/Youth,25310
367,2024-04,F4 Pyrmont Bay,Concession,2818
368,2024-04,F4 Pyrmont Bay,Day Pass without SAF,4
369,2024-04,F4 Pyrmont Bay,Employee,700
370,2024-04,F4 Pyrmont Bay,Free Travel,193
371,2024-04,F4 Pyrmont Bay,School Student,1168
372,2024-04,F4 Pyrmont Bay,Senior/Pensioner,27278
373,2024-04,F4 Pyrmont Bay,Sgl Trip Ferry Adult,3656
374,2024-04,F4 Pyrmont Bay,Sgl Trip Ferry Child/Youth,2753
375,2024-04,F5 Neutral Bay,Adult,10620
376,2024-04,F5 Neutral Bay,CTP,21235
377,2024-04,F5 Neutral Bay,Child/Youth,1475
378,2024-04,F5 Neutral Bay,Concession,748
379,2024-04,F5 Neutral Bay,Day Pass without SAF,0
380,2024-04,F5 Neutral Bay,Employee,167
381,2024-04,F5 Neutral Bay,Free Travel,96
382,2024-04,F5 Neutral Bay,School Student,98
383,2024-04,F5 Neutral Bay,Senior/Pensioner,8150
384,2024-04,F5 Neutral Bay,Sgl Trip Ferry Adult,166
385,2024-04,F5 Neutral Bay,Sgl Trip Ferry Child/Youth,99
386,2024-04,F6 Mosman Bay,Adult,14232
387,2024-04,F6 Mosman Bay,CTP,25835
388,2024-04,F6 Mosman Bay,Child/Youth,2233
389,2024-04,F6 Mosman Bay,Concession,1259
390,2024-04,F6 Mosman Bay,Day Pass without SAF,0
391,2024-04,F6 Mosman Bay,Employee,154
392,2024-04,F6 Mosman Bay,Free Travel,98
393,2024-04,F6 Mosman Bay,School Student,106
394,2024-04,F6 Mosman Bay,Senior/Pensioner,11769
395,2024-04,F6 Mosman Bay,Sgl Trip Ferry Adult,213
396,2024-04,F6 Mosman Bay,Sgl Trip Ferry Child/Youth,215
397,2024-04,F7 Double Bay,Adult,4004
398,2024-04,F7 Double Bay,CTP,11201
399,2024-04,F7 Double Bay,Child/Youth,631
400,2024-04,F7 Double Bay,Concession,137
401,2024-04,F7 Double Bay,Day Pass without SAF,1
402,2024-04,F7 Double Bay,Employee,16
403,2024-04,F7 Double Bay,Free Travel,13
404,2024-04,F7 Double Bay,School Student,38
405,2024-04,F7 Double Bay,Senior/Pensioner,3114
406,2024-04,F7 Double Bay,Sgl Trip Ferry Adult,49
407,2024-04,F7 Double Bay,Sgl Trip Ferry Child/Youth,33
408,2024-04,F8 Cockatoo Island,Adult,11459
409,2024-04,F8 Cockatoo Island,CTP,18753
410,2024-04,F8 Cockatoo Island,Child/Youth,3385
411,2024-04,F8 Cockatoo Island,Concession,692
412,2024-04,F8 Cockatoo Island,Day Pass without SAF,0
413,2024-04,F8 Cockatoo Island,Employee,103
414,2024-04,F8 Cockatoo Island,Free Travel,61
415,2024-04,F8 Cockatoo Island,School Student,348
416,2024-04,F8 Cockatoo Island,Senior/Pensioner,7614
417,2024-04,F8 Cockatoo Island,Sgl Trip Ferry Adult,101
418,2024-04,F8 Cockatoo Island,Sgl Trip Ferry Child/Youth,106
419,2024-04,F9 Watsons Bay,Adult,34225
420,2024-04,F9 Watsons Bay,CTP,72722
421,2024-04,F9 Watsons Bay,Child/Youth,7882
422,2024-04,F9 Watsons Bay,Concession,1344
423,2024-04,F9 Watsons Bay,Day Pass without SAF,0
424,2024-04,F9 Watsons Bay,Employee,308
425,2024-04,F9 Watsons Bay,Free Travel,113
426,2024-04,F9 Watsons Bay,School Student,269
427,2024-04,F9 Watsons Bay,Senior/Pensioner,17702
428,2024-04,F9 Watsons Bay,Sgl Trip Ferry Adult,705
429,2024-04,F9 Watsons Bay,Sgl Trip Ferry Child/Youth,526
430,2024-04,F9 Watsons Bay,UNKNOWN,1
431,2024-05,118F Newcastle,Adult,6742
432,2024-05,118F Newcastle,CTP,14481
433,2024-05,118F Newcastle,Child/Youth,824
434,2024-05,118F Newcastle,Concession,966
435,2024-05,118F Newcastle,Employee,185
436,2024-05,118F Newcastle,Free Travel,268
437,2024-05,118F Newcastle,School Student,452
438,2024-05,118F Newcastle,Senior/Pensioner,9588
439,2024-05,F1 Manly,Adult,136484
440,2024-05,F1 Manly,CTP,262548
441,2024-05,F1 Manly,Child/Youth,11705
442,2024-05,F1 Manly,Concession,8764
443,2024-05,F1 Manly,Day Pass Child/Youth w/o SAF,6
444,2024-05,F1 Manly,Day Pass without SAF,11
445,2024-05,F1 Manly,Employee,1419
446,2024-05,F1 Manly,Free Travel,541
447,2024-05,F1 Manly,School Student,2493
448,2024-05,F1 Manly,Senior/Pensioner,57883
449,2024-05,F1 Manly,Sgl Trip Ferry Adult,5550
450,2024-05,F1 Manly,Sgl Trip Ferry Child/Youth,1994
451,2024-05,F2 Taronga Zoo,Adult,24789
452,2024-05,F2 Taronga Zoo,CTP,44313
453,2024-05,F2 Taronga Zoo,Child/Youth,5114
454,2024-05,F2 Taronga Zoo,Concession,1237
455,2024-05,F2 Taronga Zoo,Day Pass Child/Youth w/o SAF,1
456,2024-05,F2 Taronga Zoo,Employee,212
457,2024-05,F2 Taronga Zoo,Free Travel,68
458,2024-05,F2 Taronga Zoo,School Student,609
459,2024-05,F2 Taronga Zoo,Senior/Pensioner,6830
460,2024-05,F2 Taronga Zoo,Sgl Trip Ferry Adult,2360
461,2024-05,F2 Taronga Zoo,Sgl Trip Ferry Child/Youth,984
462,2024-05,F3 Parramatta River,Adult,54423
463,2024-05,F3 Parramatta River,CTP,77487
464,2024-05,F3 Parramatta River,Child/Youth,5978
465,2024-05,F3 Parramatta River,Concession,3013
466,2024-05,F3 Parramatta River,Day Pass Child/Youth w/o SAF,1
467,2024-05,F3 Parramatta River,Day Pass without SAF,0
468,2024-05,F3 Parramatta River,Employee,781
469,2024-05,F3 Parramatta River,Free Travel,205
470,2024-05,F3 Parramatta River,School Student,3545
471,2024-05,F3 Parramatta River,Senior/Pensioner,28268
472,2024-05,F3 Parramatta River,Sgl Trip Ferry Adult,2383
473,2024-05,F3 Parramatta River,Sgl Trip Ferry Child/Youth,614
474,2024-05,F3 Parramatta River,UNKNOWN,1
475,2024-05,F4 Pyrmont Bay,Adult,51128
476,2024-05,F4 Pyrmont Bay,CTP,95905
477,2024-05,F4 Pyrmont Bay,Child/Youth,11184
478,2024-05,F4 Pyrmont Bay,Concession,2782
479,2024-05,F4 Pyrmont Bay,Day Pass without SAF,16
480,2024-05,F4 Pyrmont Bay,Employee,738
481,2024-05,F4 Pyrmont Bay,Free Travel,186
482,2024-05,F4 Pyrmont Bay,School Student,2228
483,2024-05,F4 Pyrmont Bay,Senior/Pensioner,27119
484,2024-05,F4 Pyrmont Bay,Sgl Trip Ferry Adult,3206
485,2024-05,F4 Pyrmont Bay,Sgl Trip Ferry Child/Youth,1558
486,2024-05,F4 Pyrmont Bay,UNKNOWN,1
487,2024-05,F5 Neutral Bay,Adult,10811
488,2024-05,F5 Neutral Bay,CTP,21708
489,2024-05,F5 Neutral Bay,Child/Youth,607
490,2024-05,F5 Neutral Bay,Concession,795
491,2024-05,F5 Neutral Bay,Employee,197
492,2024-05,F5 Neutral Bay,Free Travel,91
493,2024-05,F5 Neutral Bay,School Student,170
494,2024-05,F5 Neutral Bay,Senior/Pensioner,8716
495,2024-05,F5 Neutral Bay,Sgl Trip Ferry Adult,313
496,2024-05,F5 Neutral Bay,Sgl Trip Ferry Child/Youth,111
497,2024-05,F6 Mosman Bay,Adult,14021
498,2024-05,F6 Mosman Bay,CTP,26204
499,2024-05,F6 Mosman Bay,Child/Youth,1058
500,2024-05,F6 Mosman Bay,Concession,1340
501,2024-05,F6 Mosman Bay,Employee,190
502,2024-05,F6 Mosman Bay,Free Travel,113
503,2024-05,F6 Mosman Bay,School Student,304
504,2024-05,F6 Mosman Bay,Senior/Pensioner,11692
505,2024-05,F6 Mosman Bay,Sgl Trip Ferry Adult,318
506,2024-05,F6 Mosman Bay,Sgl Trip Ferry Child/Youth,159
507,2024-05,F7 Double Bay,Adult,3540
508,2024-05,F7 Double Bay,CTP,10650
509,2024-05,F7 Double Bay,Child/Youth,212
510,2024-05,F7 Double Bay,Concession,139
511,2024-05,F7 Double Bay,Employee,17
512,2024-05,F7 Double Bay,Free Travel,5
513,2024-05,F7 Double Bay,School Student,94
514,2024-05,F7 Double Bay,Senior/Pensioner,2864
515,2024-05,F7 Double Bay,Sgl Trip Ferry Adult,80
516,2024-05,F7 Double Bay,Sgl Trip Ferry Child/Youth,15
517,2024-05,F8 Cockatoo Island,Adult,9490
518,2024-05,F8 Cockatoo Island,CTP,16342
519,2024-05,F8 Cockatoo Island,Child/Youth,2482
520,2024-05,F8 Cockatoo Island,Concession,629
521,2024-05,F8 Cockatoo Island,Day Pass Child/Youth w/o SAF,94
522,2024-05,F8 Cockatoo Island,Day Pass without SAF,6
523,2024-05,F8 Cockatoo Island,Employee,95
524,2024-05,F8 Cockatoo Island,Free Travel,74
525,2024-05,F8 Cockatoo Island,School Student,748
526,2024-05,F8 Cockatoo Island,Senior/Pensioner,6305
527,2024-05,F8 Cockatoo Island,Sgl Trip Ferry Adult,153
528,2024-05,F8 Cockatoo Island,Sgl Trip Ferry Child/Youth,85
529,2024-05,F8 Cockatoo Island,UNKNOWN,0
530,2024-05,F9 Watsons Bay,Adult,25105
531,2024-05,F9 Watsons Bay,CTP,60500
532,2024-05,F9 Watsons Bay,Child/Youth,2355
533,2024-05,F9 Watsons Bay,Concession,1169
534,2024-05,F9 Watsons Bay,Employee,263
535,2024-05,F9 Watsons Bay,Free Travel,40
536,2024-05,F9 Watsons Bay,School Student,502
537,2024-05,F9 Watsons Bay,Senior/Pensioner,14874
538,2024-05,F9 Watsons Bay,Sgl Trip Ferry Adult,905
539,2024-05,F9 Watsons Bay,Sgl Trip Ferry Child/Youth,310
540,2024-06,118F Newcastle,Adult,5812
541,2024-06,118F Newcastle,CTP,13850
542,2024-06,118F Newcastle,Child/Youth,871
543,2024-06,118F Newcastle,Concession,746
544,2024-06,118F Newcastle,Day Pass without SAF,3
545,2024-06,118F Newcastle,Employee,219
546,2024-06,118F Newcastle,Free Travel,280
547,2024-06,118F Newcastle,School Student,261
548,2024-06,118F Newcastle,Senior/Pensioner,8315
549,2024-06,F1 Manly,Adult,129372
550,2024-06,F1 Manly,CTP,244858
551,2024-06,F1 Manly,Child/Youth,19399
552,2024-06,F1 Manly,Concession,7862
553,2024-06,F1 Manly,Day Pass Child/Youth w/o SAF,5
554,2024-06,F1 Manly,Day Pass without SAF,25
555,2024-06,F1 Manly,Employee,1498
556,2024-06,F1 Manly,Free Travel,521
557,2024-06,F1 Manly,School Student,2219
558,2024-06,F1 Manly,Senior/Pensioner,52468
559,2024-06,F1 Manly,Sgl Trip Ferry Adult,6372
560,2024-06,F1 Manly,Sgl Trip Ferry Child/Youth,3894
561,2024-06,F2 Taronga Zoo,Adult,27431
562,2024-06,F2 Taronga Zoo,CTP,48220
563,2024-06,F2 Taronga Zoo,Child/Youth,8522
564,2024-06,F2 Taronga Zoo,Concession,1296
565,2024-06,F2 Taronga Zoo,Day Pass Child/Youth w/o SAF,0
566,2024-06,F2 Taronga Zoo,Day Pass without SAF,1
567,2024-06,F2 Taronga Zoo,Employee,197
568,2024-06,F2 Taronga Zoo,Free Travel,52
569,2024-06,F2 Taronga Zoo,School Student,465
570,2024-06,F2 Taronga Zoo,Senior/Pensioner,6702
571,2024-06,F2 Taronga Zoo,Sgl Trip Ferry Adult,2975
572,2024-06,F2 Taronga Zoo,Sgl Trip Ferry Child/Youth,1972
573,2024-06,F3 Parramatta River,Adult,50761
574,2024-06,F3 Parramatta River,CTP,73507
575,2024-06,F3 Parramatta River,Child/Youth,8926
576,2024-06,F3 Parramatta River,Concession,2935
577,2024-06,F3 Parramatta River,Day Pass Child/Youth w/o SAF,13
578,2024-06,F3 Parramatta River,Day Pass without SAF,3
579,2024-06,F3 Parramatta River,Employee,691
580,2024-06,F3 Parramatta River,Free Travel,203
581,2024-06,F3 Parramatta River,School Student,2725
582,2024-06,F3 Parramatta River,Senior/Pensioner,25862
583,2024-06,F3 Parramatta River,Sgl Trip Ferry Adult,2971
584,2024-06,F3 Parramatta River,Sgl Trip Ferry Child/Youth,1069
585,2024-06,F4 Pyrmont Bay,Adult,58153
586,2024-06,F4 Pyrmont Bay,CTP,107018
587,2024-06,F4 Pyrmont Bay,Child/Youth,18426
588,2024-06,F4 Pyrmont Bay,Concession,3496
589,2024-06,F4 Pyrmont Bay,Day Pass Child/Youth w/o SAF,94
590,2024-06,F4 Pyrmont Bay,Day Pass without SAF,12
591,2024-06,F4 Pyrmont Bay,Employee,771
592,2024-06,F4 Pyrmont Bay,Free Travel,219
593,2024-06,F4 Pyrmont Bay,School Student,1925
594,2024-06,F4 Pyrmont Bay,Senior/Pensioner,27235
595,2024-06,F4 Pyrmont Bay,Sgl Trip Ferry Adult,3870
596,2024-06,F4 Pyrmont Bay,Sgl Trip Ferry Child/Youth,2638
597,2024-06,F5 Neutral Bay,Adult,9350
598,2024-06,F5 Neutral Bay,CTP,18871
599,2024-06,F5 Neutral Bay,Child/Youth,1066
600,2024-06,F5 Neutral Bay,Concession,685
601,2024-06,F5 Neutral Bay,Day Pass Child/Youth w/o SAF,0
602,2024-06,F5 Neutral Bay,Day Pass without SAF,0
603,2024-06,F5 Neutral Bay,Employee,153
604,2024-06,F5 Neutral Bay,Free Travel,74
605,2024-06,F5 Neutral Bay,School Student,133
606,2024-06,F5 Neutral Bay,Senior/Pensioner,7308
607,2024-06,F5 Neutral Bay,Sgl Trip Ferry Adult,223
608,2024-06,F5 Neutral Bay,Sgl Trip Ferry Child/Youth,140
609,2024-06,F6 Mosman Bay,Adult,11947
610,2024-06,F6 Mosman Bay,CTP,22427
611,2024-06,F6 Mosman Bay,Child/Youth,1629
612,2024-06,F6 Mosman Bay,Concession,943
613,2024-06,F6 Mosman Bay,Day Pass Child/Youth w/o SAF,0
614,2024-06,F6 Mosman Bay,Day Pass without SAF,0
615,2024-06,F6 Mosman Bay,Employee,162
616,2024-06,F6 Mosman Bay,Free Travel,90
617,2024-06,F6 Mosman Bay,School Student,324
618,2024-06,F6 Mosman Bay,Senior/Pensioner,10483
619,2024-06,F6 Mosman Bay,Sgl Trip Ferry Adult,340
620,2024-06,F6 Mosman Bay,Sgl Trip Ferry Child/Youth,245
621,2024-06,F7 Double Bay,Adult,3340
622,2024-06,F7 Double Bay,CTP,9466
623,2024-06,F7 Double Bay,Child/Youth,436
624,2024-06,F7 Double Bay,Concession,161
625,2024-06,F7 Double Bay,Day Pass Child/Youth w/o SAF,0
626,2024-06,F7 Double Bay,Day Pass without SAF,0
627,2024-06,F7 Double Bay,Employee,5
628,2024-06,F7 Double Bay,Free Travel,6
629,2024-06,F7 Double Bay,School Student,85
630,2024-06,F7 Double Bay,Senior/Pensioner,2826
631,2024-06,F7 Double Bay,Sgl Trip Ferry Adult,69
632,2024-06,F7 Double Bay,Sgl Trip Ferry Child/Youth,30
633,2024-06,F8 Cockatoo Island,Adult,8820
634,2024-06,F8 Cockatoo Island,CTP,15276
635,2024-06,F8 Cockatoo Island,Child/Youth,2289
636,2024-06,F8 Cockatoo Island,Concession,601
637,2024-06,F8 Cockatoo Island,Day Pass Child/Youth w/o SAF,0
638,2024-06,F8 Cockatoo Island,Day Pass without SAF,0
639,2024-06,F8 Cockatoo Island,Employee,98
640,2024-06,F8 Cockatoo Island,Free Travel,52
641,2024-06,F8 Cockatoo Island,School Student,518
642,2024-06,F8 Cockatoo Island,Senior/Pensioner,6429
643,2024-06,F8 Cockatoo Island,Sgl Trip Ferry Adult,166
644,2024-06,F8 Cockatoo Island,Sgl Trip Ferry Child/Youth,118
645,2024-06,F9 Watsons Bay,Adult,25848
646,2024-06,F9 Watsons Bay,CTP,58519
647,2024-06,F9 Watsons Bay,Child/Youth,4178
648,2024-06,F9 Watsons Bay,Concession,1206
649,2024-06,F9 Watsons Bay,Day Pass Child/Youth w/o SAF,0
650,2024-06,F9 Watsons Bay,Day Pass without SAF,0
651,2024-06,F9 Watsons Bay,Employee,225
652,2024-06,F9 Watsons Bay,Free Travel,73
653,2024-06,F9 Watsons Bay,School Student,472
654,2024-06,F9 Watsons Bay,Senior/Pensioner,13975
655,2024-06,F9 Watsons Bay,Sgl Trip Ferry Adult,824
656,2024-06,F9 Watsons Bay,Sgl Trip Ferry Child/Youth,479
657,2024-07,118F Newcastle,Adult,6753
658,2024-07,118F Newcastle,CTP,15222
659,2024-07,118F Newcastle,Child/Youth,2542
660,2024-07,118F Newcastle,Concession,774
661,2024-07,118F Newcastle,Employee,280
662,2024-07,118F Newcastle,Free Travel,290
663,2024-07,118F Newcastle,School Student,132
664,2024-07,118F Newcastle,Senior/Pensioner,9690
665,2024-07,F1 Manly,Adult,141503
666,2024-07,F1 Manly,CTP,252974
667,2024-07,F1 Manly,Child/Youth,35397
668,2024-07,F1 Manly,Concession,7653
669,2024-07,F1 Manly,Day Pass without SAF,23
670,2024-07,F1 Manly,Employee,1485
671,2024-07,F1 Manly,Free Travel,510
672,2024-07,F1 Manly,School Student,1144
673,2024-07,F1 Manly,Senior/Pensioner,54557
674,2024-07,F1 Manly,Sgl Trip Ferry Adult,7870
675,2024-07,F1 Manly,Sgl Trip Ferry Child/Youth,5948
676,2024-07,F2 Taronga Zoo,Adult,36404
677,2024-07,F2 Taronga Zoo,CTP,58842
678,2024-07,F2 Taronga Zoo,Child/Youth,18610
679,2024-07,F2 Taronga Zoo,Concession,1438
680,2024-07,F2 Taronga Zoo,Day Pass Child/Youth w/o SAF,2
681,2024-07,F2 Taronga Zoo,Employee,224
682,2024-07,F2 Taronga Zoo,Free Travel,94
683,2024-07,F2 Taronga Zoo,School Student,406
684,2024-07,F2 Taronga Zoo,Senior/Pensioner,8369
685,2024-07,F2 Taronga Zoo,Sgl Trip Ferry Adult,4383
686,2024-07,F2 Taronga Zoo,Sgl Trip Ferry Child/Youth,3277
687,2024-07,F3 Parramatta River,Adult,57103
688,2024-07,F3 Parramatta River,CTP,79409
689,2024-07,F3 Parramatta River,Child/Youth,14855
690,2024-07,F3 Parramatta River,Concession,2942
691,2024-07,F3 Parramatta River,Day Pass Child/Youth w/o SAF,48
692,2024-07,F3 Parramatta River,Day Pass without SAF,2
693,2024-07,F3 Parramatta River,Employee,841
694,2024-07,F3 Parramatta River,Free Travel,262
695,2024-07,F3 Parramatta River,School Student,1342
696,2024-07,F3 Parramatta River,Senior/Pensioner,29224
697,2024-07,F3 Parramatta River,Sgl Trip Ferry Adult,4137
698,2024-07,F3 Parramatta River,Sgl Trip Ferry Child/Youth,2241
699,2024-07,F4 Pyrmont Bay,Adult,53226
700,2024-07,F4 Pyrmont Bay,CTP,93539
701,2024-07,F4 Pyrmont Bay,Child/Youth,25964
702,2024-07,F4 Pyrmont Bay,Concession,2513
703,2024-07,F4 Pyrmont Bay,Employee,644
704,2024-07,F4 Pyrmont Bay,Free Travel,214
705,2024-07,F4 Pyrmont Bay,School Student,823
706,2024-07,F4 Pyrmont Bay,Senior/Pensioner,23011
707,2024-07,F4 Pyrmont Bay,Sgl Trip Ferry Adult,4244
708,2024-07,F4 Pyrmont Bay,Sgl Trip Ferry Child/Youth,3799
709,2024-07,F5 Neutral Bay,Adult,9738
710,2024-07,F5 Neutral Bay,CTP,20417
711,2024-07,F5 Neutral Bay,Child/Youth,1514
712,2024-07,F5 Neutral Bay,Concession,746
713,2024-07,F5 Neutral Bay,Employee,157
714,2024-07,F5 Neutral Bay,Free Travel,81
715,2024-07,F5 Neutral Bay,School Student,65
716,2024-07,F5 Neutral Bay,Senior/Pensioner,8179
717,2024-07,F5 Neutral Bay,Sgl Trip Ferry Adult,395
718,2024-07,F5 Neutral Bay,Sgl Trip Ferry Child/Youth,259
719,2024-07,F6 Mosman Bay,Adult,12685
720,2024-07,F6 Mosman Bay,CTP,22921
721,2024-07,F6 Mosman Bay,Child/Youth,2386
722,2024-07,F6 Mosman Bay,Concession,1049
723,2024-07,F6 Mosman Bay,Employee,204
724,2024-07,F6 Mosman Bay,Free Travel,75
725,2024-07,F6 Mosman Bay,School Student,134
726,2024-07,F6 Mosman Bay,Senior/Pensioner,10998
727,2024-07,F6 Mosman Bay,Sgl Trip Ferry Adult,512
728,2024-07,F6 Mosman Bay,Sgl Trip Ferry Child/Youth,441
729,2024-07,F7 Double Bay,Adult,3411
730,2024-07,F7 Double Bay,CTP,9756
731,2024-07,F7 Double Bay,Child/Youth,650
732,2024-07,F7 Double Bay,Concession,147
733,2024-07,F7 Double Bay,Employee,29
734,2024-07,F7 Double Bay,Free Travel,3
735,2024-07,F7 Double Bay,School Student,22
736,2024-07,F7 Double Bay,Senior/Pensioner,2776
737,2024-07,F7 Double Bay,Sgl Trip Ferry Adult,107
738,2024-07,F7 Double Bay,Sgl Trip Ferry Child/Youth,72
739,2024-07,F8 Cockatoo Island,Adult,9711
740,2024-07,F8 Cockatoo Island,CTP,15851
741,2024-07,F8 Cockatoo Island,Child/Youth,2608
742,2024-07,F8 Cockatoo Island,Concession,568
743,2024-07,F8 Cockatoo Island,Day Pass Child/Youth w/o SAF,28
744,2024-07,F8 Cockatoo Island,Employee,125
745,2024-07,F8 Cockatoo Island,Free Travel,57
746,2024-07,F8 Cockatoo Island,School Student,249
747,2024-07,F8 Cockatoo Island,Senior/Pensioner,6669
748,2024-07,F8 Cockatoo Island,Sgl Trip Ferry Adult,251
749,2024-07,F8 Cockatoo Island,Sgl Trip Ferry Child/Youth,233
750,2024-07,F9 Watsons Bay,Adult,27770
751,2024-07,F9 Watsons Bay,CTP,58486
752,2024-07,F9 Watsons Bay,Child/Youth,7400
753,2024-07,F9 Watsons Bay,Concession,1156
754,2024-07,F9 Watsons Bay,Employee,234
755,2024-07,F9 Watsons Bay,Free Travel,64
756,2024-07,F9 Watsons Bay,School Student,199
757,2024-07,F9 Watsons Bay,Senior/Pensioner,14805
758,2024-07,F9 Watsons Bay,Sgl Trip Ferry Adult,1450
759,2024-07,F9 Watsons Bay,Sgl Trip Ferry Child/Youth,910
760,2024-08,118F Newcastle,Adult,6740
761,2024-08,118F Newcastle,CTP,16040
762,2024-08,118F Newcastle,Child/Youth,927
763,2024-08,118F Newcastle,Concession,815
764,2024-08,118F Newcastle,Day Pass without SAF,1
765,2024-08,118F Newcastle,Employee,234
766,2024-08,118F Newcastle,Free Travel,277
767,2024-08,118F Newcastle,School Student,321
768,2024-08,118F Newcastle,Senior/Pensioner,10096
769,2024-08,F1 Manly,Adult,130243
770,2024-08,F1 Manly,CTP,239520
771,2024-08,F1 Manly,Child/Youth,18071
772,2024-08,F1 Manly,Concession,9548
773,2024-08,F1 Manly,Day Pass without SAF,29
774,2024-08,F1 Manly,Employee,1501
775,2024-08,F1 Manly,Free Travel,498
776,2024-08,F1 Manly,School Student,2433
777,2024-08,F1 Manly,Senior/Pensioner,52250
778,2024-08,F1 Manly,Sgl Trip Ferry Adult,5993
779,2024-08,F1 Manly,Sgl Trip Ferry Child/Youth,3365
780,2024-08,F2 Taronga Zoo,Adult,36280
781,2024-08,F2 Taronga Zoo,CTP,61727
782,2024-08,F2 Taronga Zoo,Child/Youth,11350
783,2024-08,F2 Taronga Zoo,Concession,1673
784,2024-08,F2 Taronga Zoo,Day Pass Child/Youth w/o SAF,58
785,2024-08,F2 Taronga Zoo,Day Pass without SAF,7
786,2024-08,F2 Taronga Zoo,Employee,219
787,2024-08,F2 Taronga Zoo,Free Travel,109
788,2024-08,F2 Taronga Zoo,School Student,601
789,2024-08,F2 Taronga Zoo,Senior/Pensioner,8015
790,2024-08,F2 Taronga Zoo,Sgl Trip Ferry Adult,2952
791,2024-08,F2 Taronga Zoo,Sgl Trip Ferry Child/Youth,1794
792,2024-08,F3 Parramatta River,Adult,57157
793,2024-08,F3 Parramatta River,CTP,81775
794,2024-08,F3 Parramatta River,Child/Youth,7829
795,2024-08,F3 Parramatta River,Concession,3479
796,2024-08,F3 Parramatta River,Day Pass without SAF,1
797,2024-08,F3 Parramatta River,Employee,861
798,2024-08,F3 Parramatta River,Free Travel,279
799,2024-08,F3 Parramatta River,School Student,3235
800,2024-08,F3 Parramatta River,Senior/Pensioner,30759
801,2024-08,F3 Parramatta River,Sgl Trip Ferry Adult,3122
802,2024-08,F3 Parramatta River,Sgl Trip Ferry Child/Youth,808
803,2024-08,F4 Pyrmont Bay,Adult,52421
804,2024-08,F4 Pyrmont Bay,CTP,100220
805,2024-08,F4 Pyrmont Bay,Child/Youth,15442
806,2024-08,F4 Pyrmont Bay,Concession,2926
807,2024-08,F4 Pyrmont Bay,Day Pass without SAF,7
808,2024-08,F4 Pyrmont Bay,Employee,627
809,2024-08,F4 Pyrmont Bay,Free Travel,203
810,2024-08,F4 Pyrmont Bay,School Student,1753
811,2024-08,F4 Pyrmont Bay,Senior/Pensioner,24277
812,2024-08,F4 Pyrmont Bay,Sgl Trip Ferry Adult,2861
813,2024-08,F4 Pyrmont Bay,Sgl Trip Ferry Child/Youth,1523
814,2024-08,F5 Neutral Bay,Adult,10355
815,2024-08,F5 Neutral Bay,CTP,20867
816,2024-08,F5 Neutral Bay,Child/Youth,816
817,2024-08,F5 Neutral Bay,Concession,771
818,2024-08,F5 Neutral Bay,Employee,158
819,2024-08,F5 Neutral Bay,Free Travel,72
820,2024-08,F5 Neutral Bay,School Student,128
821,2024-08,F5 Neutral Bay,Senior/Pensioner,7546
822,2024-08,F5 Neutral Bay,Sgl Trip Ferry Adult,177
823,2024-08,F5 Neutral Bay,Sgl Trip Ferry Child/Youth,59
824,2024-08,F6 Mosman Bay,Adult,13426
825,2024-08,F6 Mosman Bay,CTP,24865
826,2024-08,F6 Mosman Bay,Child/Youth,1076
827,2024-08,F6 Mosman Bay,Concession,1428
828,2024-08,F6 Mosman Bay,Day Pass without SAF,2
829,2024-08,F6 Mosman Bay,Employee,182
830,2024-08,F6 Mosman Bay,Free Travel,100
831,2024-08,F6 Mosman Bay,School Student,262
832,2024-08,F6 Mosman Bay,Senior/Pensioner,11210
833,2024-08,F6 Mosman Bay,Sgl Trip Ferry Adult,185
834,2024-08,F6 Mosman Bay,Sgl Trip Ferry Child/Youth,80
835,2024-08,F7 Double Bay,Adult,3771
836,2024-08,F7 Double Bay,CTP,10672
837,2024-08,F7 Double Bay,Child/Youth,426
838,2024-08,F7 Double Bay,Concession,177
839,2024-08,F7 Double Bay,Employee,25
840,2024-08,F7 Double Bay,Free Travel,5
841,2024-08,F7 Double Bay,School Student,88
842,2024-08,F7 Double Bay,Senior/Pensioner,2839
843,2024-08,F7 Double Bay,Sgl Trip Ferry Adult,31
844,2024-08,F7 Double Bay,Sgl Trip Ferry Child/Youth,25
845,2024-08,F8 Cockatoo Island,Adult,9434
846,2024-08,F8 Cockatoo Island,CTP,15773
847,2024-08,F8 Cockatoo Island,Child/Youth,1749
848,2024-08,F8 Cockatoo Island,Concession,592
849,2024-08,F8 Cockatoo Island,Employee,81
850,2024-08,F8 Cockatoo Island,Free Travel,44
851,2024-08,F8 Cockatoo Island,School Student,702
852,2024-08,F8 Cockatoo Island,Senior/Pensioner,6384
853,2024-08,F8 Cockatoo Island,Sgl Trip Ferry Adult,113
854,2024-08,F8 Cockatoo Island,Sgl Trip Ferry Child/Youth,51
855,2024-08,F9 Watsons Bay,Adult,30268
856,2024-08,F9 Watsons Bay,CTP,64430
857,2024-08,F9 Watsons Bay,Child/Youth,5051
858,2024-08,F9 Watsons Bay,Concession,1439
859,2024-08,F9 Watsons Bay,Employee,245
860,2024-08,F9 Watsons Bay,Free Travel,95
861,2024-08,F9 Watsons Bay,School Student,413
862,2024-08,F9 Watsons Bay,Senior/Pensioner,16249
863,2024-08,F9 Watsons Bay,Sgl Trip Ferry Adult,700
864,2024-08,F9 Watsons Bay,Sgl Trip Ferry Child/Youth,286
865,2024-09,118F Newcastle,Adult,6702
866,2024-09,118F Newcastle,CTP,16083
867,2024-09,118F Newcastle,Child/Youth,1294
868,2024-09,118F Newcastle,Concession,764
869,2024-09,118F Newcastle,Day Pass without SAF,2
870,2024-09,118F Newcastle,Employee,299
871,2024-09,118F Newcastle,Free Travel,307
872,2024-09,118F Newcastle,School Student,317
873,2024-09,118F Newcastle,Senior/Pensioner,9762
874,2024-09,F1 Manly,Adult,151183
875,2024-09,F1 Manly,CTP,310524
876,2024-09,F1 Manly,Child/Youth,22360
877,2024-09,F1 Manly,Concession,11099
878,2024-09,F1 Manly,Day Pass Child/Youth w/o SAF,14
879,2024-09,F1 Manly,Day Pass without SAF,43
880,2024-09,F1 Manly,Employee,1799
881,2024-09,F1 Manly,Free Travel,645
882,2024-09,F1 Manly,School Student,3471
883,2024-09,F1 Manly,Senior/Pensioner,60524
884,2024-09,F1 Manly,Sgl Trip Ferry Adult,7344
885,2024-09,F1 Manly,Sgl Trip Ferry Child/Youth,4335
886,2024-09,F2 Taronga Zoo,Adult,31793
887,2024-09,F2 Taronga Zoo,CTP,62121
888,2024-09,F2 Taronga Zoo,Child/Youth,9371
889,2024-09,F2 Taronga Zoo,Concession,1561
890,2024-09,F2 Taronga Zoo,Day Pass without SAF,0
891,2024-09,F2 Taronga Zoo,Employee,193
892,2024-09,F2 Taronga Zoo,Free Travel,58
893,2024-09,F2 Taronga Zoo,School Student,528
894,2024-09,F2 Taronga Zoo,Senior/Pensioner,8152
895,2024-09,F2 Taronga Zoo,Sgl Trip Ferry Adult,3141
896,2024-09,F2 Taronga Zoo,Sgl Trip Ferry Child/Youth,1824
897,2024-09,F3 Parramatta River,Adult,54287
898,2024-09,F3 Parramatta River,CTP,84036
899,2024-09,F3 Parramatta River,Child/Youth,9207
900,2024-09,F3 Parramatta River,Concession,3110
901,2024-09,F3 Parramatta River,Day Pass Child/Youth w/o SAF,49
902,2024-09,F3 Parramatta River,Day Pass without SAF,10
903,2024-09,F3 Parramatta River,Employee,873
904,2024-09,F3 Parramatta River,Free Travel,285
905,2024-09,F3 Parramatta River,School Student,3200
906,2024-09,F3 Parramatta River,Senior/Pensioner,30728
907,2024-09,F3 Parramatta River,Sgl Trip Ferry Adult,4067
908,2024-09,F3 Parramatta River,Sgl Trip Ferry Child/Youth,1131
909,2024-09,F3 Parramatta River,UNKNOWN,1
910,2024-09,F4 Pyrmont Bay,Adult,48352
911,2024-09,F4 Pyrmont Bay,CTP,100794
912,2024-09,F4 Pyrmont Bay,Child/Youth,14403
913,2024-09,F4 Pyrmont Bay,Concession,2510
914,2024-09,F4 Pyrmont Bay,Day Pass without SAF,6
915,2024-09,F4 Pyrmont Bay,Employee,621
916,2024-09,F4 Pyrmont Bay,Free Travel,203
917,2024-09,F4 Pyrmont Bay,School Student,1812
918,2024-09,F4 Pyrmont Bay,Senior/Pensioner,23952
919,2024-09,F4 Pyrmont Bay,Sgl Trip Ferry Adult,3075
920,2024-09,F4 Pyrmont Bay,Sgl Trip Ferry Child/Youth,2079
921,2024-09,F4 Pyrmont Bay,UNKNOWN,1
922,2024-09,F5 Neutral Bay,Adult,10432
923,2024-09,F5 Neutral Bay,CTP,21903
924,2024-09,F5 Neutral Bay,Child/Youth,971
925,2024-09,F5 Neutral Bay,Concession,837
926,2024-09,F5 Neutral Bay,Day Pass without SAF,0
927,2024-09,F5 Neutral Bay,Employee,174
928,2024-09,F5 Neutral Bay,Free Travel,78
929,2024-09,F5 Neutral Bay,School Student,157
930,2024-09,F5 Neutral Bay,Senior/Pensioner,7443
931,2024-09,F5 Neutral Bay,Sgl Trip Ferry Adult,225
932,2024-09,F5 Neutral Bay,Sgl Trip Ferry Child/Youth,111
933,2024-09,F6 Mosman Bay,Adult,12659
934,2024-09,F6 Mosman Bay,CTP,25457
935,2024-09,F6 Mosman Bay,Child/Youth,1237
936,2024-09,F6 Mosman Bay,Concession,1207
937,2024-09,F6 Mosman Bay,Day Pass without SAF,0
938,2024-09,F6 Mosman Bay,Employee,177
939,2024-09,F6 Mosman Bay,Free Travel,70
940,2024-09,F6 Mosman Bay,School Student,260
941,2024-09,F6 Mosman Bay,Senior/Pensioner,10610
942,2024-09,F6 Mosman Bay,Sgl Trip Ferry Adult,357
943,2024-09,F6 Mosman Bay,Sgl Trip Ferry Child/Youth,211
944,2024-09,F7 Double Bay,Adult,3314
945,2024-09,F7 Double Bay,CTP,10221
946,2024-09,F7 Double Bay,Child/Youth,320
947,2024-09,F7 Double Bay,Concession,128
948,2024-09,F7 Double Bay,Day Pass without SAF,0
949,2024-09,F7 Double Bay,Employee,14
950,2024-09,F7 Double Bay,Free Travel,7
951,2024-09,F7 Double Bay,School Student,69
952,2024-09,F7 Double Bay,Senior/Pensioner,2824
953,2024-09,F7 Double Bay,Sgl Trip Ferry Adult,82
954,2024-09,F7 Double Bay,Sgl Trip Ferry Child/Youth,33
955,2024-09,F8 Cockatoo Island,Adult,9717
956,2024-09,F8 Cockatoo Island,CTP,16710
957,2024-09,F8 Cockatoo Island,Child/Youth,3312
958,2024-09,F8 Cockatoo Island,Concession,566
959,2024-09,F8 Cockatoo Island,Day Pass Child/Youth w/o SAF,16
960,2024-09,F8 Cockatoo Island,Day Pass without SAF,5
961,2024-09,F8 Cockatoo Island,Employee,118
962,2024-09,F8 Cockatoo Island,Free Travel,92
963,2024-09,F8 Cockatoo Island,School Student,632
964,2024-09,F8 Cockatoo Island,Senior/Pensioner,6070
965,2024-09,F8 Cockatoo Island,Sgl Trip Ferry Adult,206
966,2024-09,F8 Cockatoo Island,Sgl Trip Ferry Child/Youth,120
967,2024-09,F8 Cockatoo Island,UNKNOWN,1
968,2024-09,F9 Watsons Bay,Adult,29049
969,2024-09,F9 Watsons Bay,CTP,70306
970,2024-09,F9 Watsons Bay,Child/Youth,4069
971,2024-09,F9 Watsons Bay,Concession,1508
972,2024-09,F9 Watsons Bay,Day Pass without SAF,0
973,2024-09,F9 Watsons Bay,Employee,275
974,2024-09,F9 Watsons Bay,Free Travel,101
975,2024-09,F9 Watsons Bay,School Student,624
976,2024-09,F9 Watsons Bay,Senior/Pensioner,16470
977,2024-09,F9 Watsons Bay,Sgl Trip Ferry Adult,1042
978,2024-09,F9 Watsons Bay,Sgl Trip Ferry Child/Youth,467
979,2024-09,F9 Watsons Bay,UNKNOWN,2
980,2024-10,118F Newcastle,Adult,7292
981,2024-10,118F Newcastle,CTP,17223
982,2024-10,118F Newcastle,Child/Youth,2590
983,2024-10,118F Newcastle,Concession,736
984,2024-10,118F Newcastle,Employee,290
985,2024-10,118F Newcastle,Free Travel,298
986,2024-10,118F Newcastle,School Student,214
987,2024-10,118F Newcastle,Senior/Pensioner,10929
988,2024-10,F1 Manly,Adult,173990
989,2024-10,F1 Manly,CTP,348387
990,2024-10,F1 Manly,Child/Youth,39420
991,2024-10,F1 Manly,Concession,11243
992,2024-10,F1 Manly,Day Pass Child/Youth w/o SAF,0
993,2024-10,F1 Manly,Day Pass without SAF,62
994,2024-10,F1 Manly,Employee,1932
995,2024-10,F1 Manly,Free Travel,656
996,2024-10,F1 Manly,School Student,1575
997,2024-10,F1 Manly,Senior/Pensioner,68528
998,2024-10,F1 Manly,Sgl Trip Ferry Adult,8943
999,2024-10,F1 Manly,Sgl Trip Ferry Child/Youth,5416
1000,2024-10,F2 Taronga Zoo,Adult,33013
1001,2024-10,F2 Taronga Zoo,CTP,65253
1002,2024-10,F2 Taronga Zoo,Child/Youth,10343
1003,2024-10,F2 Taronga Zoo,Concession,1765
1004,2024-10,F2 Taronga Zoo,Day Pass Child/Youth w/o SAF,0
1005,2024-10,F2 Taronga Zoo,Day Pass without SAF,1
1006,2024-10,F2 Taronga Zoo,Employee,248
1007,2024-10,F2 Taronga Zoo,Free Travel,87
1008,2024-10,F2 Taronga Zoo,School Student,206
1009,2024-10,F2 Taronga Zoo,Senior/Pensioner,12222
1010,2024-10,F2 Taronga Zoo,Sgl Trip Ferry Adult,2327
1011,2024-10,F2 Taronga Zoo,Sgl Trip Ferry Child/Youth,1419
1012,2024-10,F3 Parramatta River,Adult,60985
1013,2024-10,F3 Parramatta River,CTP,93514
1014,2024-10,F3 Parramatta River,Child/Youth,16464
1015,2024-10,F3 Parramatta River,Concession,2944
1016,2024-10,F3 Parramatta River,Day Pass Child/Youth w/o SAF,37
1017,2024-10,F3 Parramatta River,Day Pass without SAF,6
1018,2024-10,F3 Parramatta River,Employee,857
1019,2024-10,F3 Parramatta River,Free Travel,305
1020,2024-10,F3 Parramatta River,School Student,1459
1021,2024-10,F3 Parramatta River,Senior/Pensioner,32827
1022,2024-10,F3 Parramatta River,Sgl Trip Ferry Adult,5173
1023,2024-10,F3 Parramatta River,Sgl Trip Ferry Child/Youth,1673
1024,2024-10,F3 Parramatta River,UNKNOWN,1
1025,2024-10,F4 Pyrmont Bay,Adult,57751
1026,2024-10,F4 Pyrmont Bay,CTP,103019
1027,2024-10,F4 Pyrmont Bay,Child/Youth,19578
1028,2024-10,F4 Pyrmont Bay,Concession,3158
1029,2024-10,F4 Pyrmont Bay,Day Pass Child/Youth w/o SAF,19
1030,2024-10,F4 Pyrmont Bay,Day Pass without SAF,11
1031,2024-10,F4 Pyrmont Bay,Employee,806
1032,2024-10,F4 Pyrmont Bay,Free Travel,346
1033,2024-10,F4 Pyrmont Bay,School Student,1452
1034,2024-10,F4 Pyrmont Bay,Senior/Pensioner,29603
1035,2024-10,F4 Pyrmont Bay,Sgl Trip Ferry Adult,2553
1036,2024-10,F4 Pyrmont Bay,Sgl Trip Ferry Child/Youth,2010
1037,2024-10,F4 Pyrmont Bay,UNKNOWN,1
1038,2024-10,F5 Neutral Bay,Adult,11491
1039,2024-10,F5 Neutral Bay,CTP,22976
1040,2024-10,F5 Neutral Bay,Child/Youth,1948
1041,2024-10,F5 Neutral Bay,Concession,804
1042,2024-10,F5 Neutral Bay,Day Pass Child/Youth w/o SAF,0
1043,2024-10,F5 Neutral Bay,Day Pass without SAF,0
1044,2024-10,F5 Neutral Bay,Employee,133
1045,2024-10,F5 Neutral Bay,Free Travel,55
1046,2024-10,F5 Neutral Bay,School Student,79
1047,2024-10,F5 Neutral Bay,Senior/Pensioner,7443
1048,2024-10,F5 Neutral Bay,Sgl Trip Ferry Adult,410
1049,2024-10,F5 Neutral Bay,Sgl Trip Ferry Child/Youth,219
1050,2024-10,F6 Mosman Bay,Adult,14097
1051,2024-10,F6 Mosman Bay,CTP,27533
1052,2024-10,F6 Mosman Bay,Child/Youth,2497
1053,2024-10,F6 Mosman Bay,Concession,1012
1054,2024-10,F6 Mosman Bay,Day Pass Child/Youth w/o SAF,0
1055,2024-10,F6 Mosman Bay,Day Pass without SAF,0
1056,2024-10,F6 Mosman Bay,Employee,161
1057,2024-10,F6 Mosman Bay,Free Travel,56
1058,2024-10,F6 Mosman Bay,School Student,145
1059,2024-10,F6 Mosman Bay,Senior/Pensioner,8561
1060,2024-10,F6 Mosman Bay,Sgl Trip Ferry Adult,573
1061,2024-10,F6 Mosman Bay,Sgl Trip Ferry Child/Youth,370
1062,2024-10,F7 Double Bay,Adult,4054
1063,2024-10,F7 Double Bay,CTP,11020
1064,2024-10,F7 Double Bay,Child/Youth,670
1065,2024-10,F7 Double Bay,Concession,171
1066,2024-10,F7 Double Bay,Day Pass Child/Youth w/o SAF,0
1067,2024-10,F7 Double Bay,Day Pass without SAF,0
1068,2024-10,F7 Double Bay,Employee,12
1069,2024-10,F7 Double Bay,Free Travel,7
1070,2024-10,F7 Double Bay,School Student,58
1071,2024-10,F7 Double Bay,Senior/Pensioner,2813
1072,2024-10,F7 Double Bay,Sgl Trip Ferry Adult,65
1073,2024-10,F7 Double Bay,Sgl Trip Ferry Child/Youth,29
1074,2024-10,F8 Cockatoo Island,Adult,10021
1075,2024-10,F8 Cockatoo Island,CTP,17659
1076,2024-10,F8 Cockatoo Island,Child/Youth,3100
1077,2024-10,F8 Cockatoo Island,Concession,444
1078,2024-10,F8 Cockatoo Island,Day Pass Child/Youth w/o SAF,14
1079,2024-10,F8 Cockatoo Island,Day Pass without SAF,2
1080,2024-10,F8 Cockatoo Island,Employee,69
1081,2024-10,F8 Cockatoo Island,Free Travel,62
1082,2024-10,F8 Cockatoo Island,School Student,410
1083,2024-10,F8 Cockatoo Island,Senior/Pensioner,6094
1084,2024-10,F8 Cockatoo Island,Sgl Trip Ferry Adult,277
1085,2024-10,F8 Cockatoo Island,Sgl Trip Ferry Child/Youth,202
1086,2024-10,F9 Watsons Bay,Adult,34183
1087,2024-10,F9 Watsons Bay,CTP,74973
1088,2024-10,F9 Watsons Bay,Child/Youth,6249
1089,2024-10,F9 Watsons Bay,Concession,1567
1090,2024-10,F9 Watsons Bay,Day Pass Child/Youth w/o SAF,0
1091,2024-10,F9 Watsons Bay,Day Pass without SAF,1
1092,2024-10,F9 Watsons Bay,Employee,276
1093,2024-10,F9 Watsons Bay,Free Travel,114
1094,2024-10,F9 Watsons Bay,School Student,412
1095,2024-10,F9 Watsons Bay,Senior/Pensioner,18733
1096,2024-10,F9 Watsons Bay,Sgl Trip Ferry Adult,809
1097,2024-10,F9 Watsons Bay,Sgl Trip Ferry Child/Youth,389
1098,2024-11,118F Newcastle,Adult,6754
1099,2024-11,118F Newcastle,CTP,17496
1100,2024-11,118F Newcastle,Child/Youth,978
1101,2024-11,118F Newcastle,Concession,489
1102,2024-11,118F Newcastle,Employee,304
1103,2024-11,118F Newcastle,Free Travel,322
1104,2024-11,118F Newcastle,School Student,284
1105,2024-11,118F Newcastle,Senior/Pensioner,10110
1106,2024-11,F1 Manly,Adult,160160
1107,2024-11,F1 Manly,CTP,381200
1108,2024-11,F1 Manly,Child/Youth,21470
1109,2024-11,F1 Manly,Concession,9553
1110,2024-11,F1 Manly,Day Pass without SAF,18
1111,2024-11,F1 Manly,Employee,1924
1112,2024-11,F1 Manly,Free Travel,638
1113,2024-11,F1 Manly,School Student,3356
1114,2024-11,F1 Manly,Senior/Pensioner,64223
1115,2024-11,F1 Manly,Sgl Trip Ferry Adult,8658
1116,2024-11,F1 Manly,Sgl Trip Ferry Child/Youth,2991
1117,2024-11,F2 Taronga Zoo,Adult,27774
1118,2024-11,F2 Taronga Zoo,CTP,70018
1119,2024-11,F2 Taronga Zoo,Child/Youth,6096
1120,2024-11,F2 Taronga Zoo,Concession,1332
1121,2024-11,F2 Taronga Zoo,Day Pass without SAF,0
1122,2024-11,F2 Taronga Zoo,Employee,158
1123,2024-11,F2 Taronga Zoo,Free Travel,79
1124,2024-11,F2 Taronga Zoo,School Student,622
1125,2024-11,F2 Taronga Zoo,Senior/Pensioner,8044
1126,2024-11,F2 Taronga Zoo,Sgl Trip Ferry Adult,2949
1127,2024-11,F2 Taronga Zoo,Sgl Trip Ferry Child/Youth,1137
1128,2024-11,F3 Parramatta River,Adult,57366
1129,2024-11,F3 Parramatta River,CTP,93493
1130,2024-11,F3 Parramatta River,Child/Youth,8482
1131,2024-11,F3 Parramatta River,Concession,2891
1132,2024-11,F3 Parramatta River,Day Pass without SAF,0
1133,2024-11,F3 Parramatta River,Employee,849
1134,2024-11,F3 Parramatta River,Free Travel,310
1135,2024-11,F3 Parramatta River,School Student,3033
1136,2024-11,F3 Parramatta River,Senior/Pensioner,31744
1137,2024-11,F3 Parramatta River,Sgl Trip Ferry Adult,5408
1138,2024-11,F3 Parramatta River,Sgl Trip Ferry Child/Youth,921
1139,2024-11,F4 Pyrmont Bay,Adult,48510
1140,2024-11,F4 Pyrmont Bay,CTP,109293
1141,2024-11,F4 Pyrmont Bay,Child/Youth,11732
1142,2024-11,F4 Pyrmont Bay,Concession,2572
1143,2024-11,F4 Pyrmont Bay,Day Pass without SAF,5
1144,2024-11,F4 Pyrmont Bay,Employee,608
1145,2024-11,F4 Pyrmont Bay,Free Travel,203
1146,2024-11,F4 Pyrmont Bay,School Student,1680
1147,2024-11,F4 Pyrmont Bay,Senior/Pensioner,24744
1148,2024-11,F4 Pyrmont Bay,Sgl Trip Ferry Adult,3472
1149,2024-11,F4 Pyrmont Bay,Sgl Trip Ferry Child/Youth,1665
1150,2024-11,F5 Neutral Bay,Adult,12598
1151,2024-11,F5 Neutral Bay,CTP,28319
1152,2024-11,F5 Neutral Bay,Child/Youth,806
1153,2024-11,F5 Neutral Bay,Concession,907
1154,2024-11,F5 Neutral Bay,Day Pass without SAF,0
1155,2024-11,F5 Neutral Bay,Employee,162
1156,2024-11,F5 Neutral Bay,Free Travel,98
1157,2024-11,F5 Neutral Bay,School Student,135
1158,2024-11,F5 Neutral Bay,Senior/Pensioner,9892
1159,2024-11,F5 Neutral Bay,Sgl Trip Ferry Adult,341
1160,2024-11,F5 Neutral Bay,Sgl Trip Ferry Child/Youth,92
1161,2024-11,F6 Mosman Bay,Adult,13622
1162,2024-11,F6 Mosman Bay,CTP,30675
1163,2024-11,F6 Mosman Bay,Child/Youth,1026
1164,2024-11,F6 Mosman Bay,Concession,1101
1165,2024-11,F6 Mosman Bay,Day Pass without SAF,0
1166,2024-11,F6 Mosman Bay,Employee,193
1167,2024-11,F6 Mosman Bay,Free Travel,87
1168,2024-11,F6 Mosman Bay,School Student,346
1169,2024-11,F6 Mosman Bay,Senior/Pensioner,10972
1170,2024-11,F6 Mosman Bay,Sgl Trip Ferry Adult,386
1171,2024-11,F6 Mosman Bay,Sgl Trip Ferry Child/Youth,157
1172,2024-11,F7 Double Bay,Adult,3894
1173,2024-11,F7 Double Bay,CTP,13097
1174,2024-11,F7 Double Bay,Child/Youth,283
1175,2024-11,F7 Double Bay,Concession,146
1176,2024-11,F7 Double Bay,Day Pass without SAF,0
1177,2024-11,F7 Double Bay,Employee,29
1178,2024-11,F7 Double Bay,Free Travel,3
1179,2024-11,F7 Double Bay,School Student,81
1180,2024-11,F7 Double Bay,Senior/Pensioner,3567
1181,2024-11,F7 Double Bay,Sgl Trip Ferry Adult,96
1182,2024-11,F7 Double Bay,Sgl Trip Ferry Child/Youth,24
1183,2024-11,F8 Cockatoo Island,Adult,10037
1184,2024-11,F8 Cockatoo Island,CTP,19054
1185,2024-11,F8 Cockatoo Island,Child/Youth,3918
1186,2024-11,F8 Cockatoo Island,Concession,588
1187,2024-11,F8 Cockatoo Island,Day Pass without SAF,0
1188,2024-11,F8 Cockatoo Island,Employee,95
1189,2024-11,F8 Cockatoo Island,Free Travel,87
1190,2024-11,F8 Cockatoo Island,School Student,575
1191,2024-11,F8 Cockatoo Island,Senior/Pensioner,6602
1192,2024-11,F8 Cockatoo Island,Sgl Trip Ferry Adult,217
1193,2024-11,F8 Cockatoo Island,Sgl Trip Ferry Child/Youth,88
1194,2024-11,F9 Watsons Bay,Adult,31238
1195,2024-11,F9 Watsons Bay,CTP,82698
1196,2024-11,F9 Watsons Bay,Child/Youth,3690
1197,2024-11,F9 Watsons Bay,Concession,1591
1198,2024-11,F9 Watsons Bay,Day Pass without SAF,0
1199,2024-11,F9 Watsons Bay,Employee,253
1200,2024-11,F9 Watsons Bay,Free Travel,134
1201,2024-11,F9 Watsons Bay,School Student,658
1202,2024-11,F9 Watsons Bay,Senior/Pensioner,16897
1203,2024-11,F9 Watsons Bay,Sgl Trip Ferry Adult,1184
1204,2024-11,F9 Watsons Bay,Sgl Trip Ferry Child/Youth,343
1205,2024-11,UNALLOCATED unallocated trips,Adult,1
1206,2024-12,118F Newcastle,Adult,7148
1207,2024-12,118F Newcastle,CTP,18705
1208,2024-12,118F Newcastle,Child/Youth,1395
1209,2024-12,118F Newcastle,Concession,444
1210,2024-12,118F Newcastle,Day Pass without SAF,1
1211,2024-12,118F Newcastle,Employee,327
1212,2024-12,118F Newcastle,Free Travel,306
1213,2024-12,118F Newcastle,School Student,171
1214,2024-12,118F Newcastle,Senior/Pensioner,9720
1215,2024-12,F1 Manly,Adult,186829
1216,2024-12,F1 Manly,CTP,454283
1217,2024-12,F1 Manly,Child/Youth,48598
1218,2024-12,F1 Manly,Concession,10805
1219,2024-12,F1 Manly,Day Pass without SAF,39
1220,2024-12,F1 Manly,Employee,2279
1221,2024-12,F1 Manly,Free Travel,645
1222,2024-12,F1 Manly,School Student,5092
1223,2024-12,F1 Manly,Senior/Pensioner,70752
1224,2024-12,F1 Manly,Sgl Trip Ferry Adult,15902
1225,2024-12,F1 Manly,Sgl Trip Ferry Child/Youth,9968
1226,2024-12,F2 Taronga Zoo,Adult,37320
1227,2024-12,F2 Taronga Zoo,CTP,83137
1228,2024-12,F2 Taronga Zoo,Child/Youth,12485
1229,2024-12,F2 Taronga Zoo,Concession,1565
1230,2024-12,F2 Taronga Zoo,Day Pass without SAF,0
1231,2024-12,F2 Taronga Zoo,Employee,195
1232,2024-12,F2 Taronga Zoo,Free Travel,94
1233,2024-12,F2 Taronga Zoo,School Student,290
1234,2024-12,F2 Taronga Zoo,Senior/Pensioner,8470
1235,2024-12,F2 Taronga Zoo,Sgl Trip Ferry Adult,5458
1236,2024-12,F2 Taronga Zoo,Sgl Trip Ferry Child/Youth,3444
1237,2024-12,F2 Taronga Zoo,UNKNOWN,0
1238,2024-12,F3 Parramatta River,Adult,63451
1239,2024-12,F3 Parramatta River,CTP,107170
1240,2024-12,F3 Parramatta River,Child/Youth,14080
1241,2024-12,F3 Parramatta River,Concession,3299
1242,2024-12,F3 Parramatta River,Day Pass Child/Youth w/o SAF,8
1243,2024-12,F3 Parramatta River,Day Pass without SAF,6
1244,2024-12,F3 Parramatta River,Employee,951
1245,2024-12,F3 Parramatta River,Free Travel,270
1246,2024-12,F3 Parramatta River,School Student,1390
1247,2024-12,F3 Parramatta River,Senior/Pensioner,32048
1248,2024-12,F3 Parramatta River,Sgl Trip Ferry Adult,6954
1249,2024-12,F3 Parramatta River,Sgl Trip Ferry Child/Youth,2374
1250,2024-12,F4 Pyrmont Bay,Adult,62893
1251,2024-12,F4 Pyrmont Bay,CTP,138606
1252,2024-12,F4 Pyrmont Bay,Child/Youth,21936
1253,2024-12,F4 Pyrmont Bay,Concession,3302
1254,2024-12,F4 Pyrmont Bay,Day Pass Child/Youth w/o SAF,14
1255,2024-12,F4 Pyrmont Bay,Day Pass without SAF,4
1256,2024-12,F4 Pyrmont Bay,Employee,756
1257,2024-12,F4 Pyrmont Bay,Free Travel,244
1258,2024-12,F4 Pyrmont Bay,School Student,1233
1259,2024-12,F4 Pyrmont Bay,Senior/Pensioner,27242
1260,2024-12,F4 Pyrmont Bay,Sgl Trip Ferry Adult,5716
1261,2024-12,F4 Pyrmont Bay,Sgl Trip Ferry Child/Youth,3948
1262,2024-12,F5 Neutral Bay,Adult,11286
1263,2024-12,F5 Neutral Bay,CTP,27310
1264,2024-12,F5 Neutral Bay,Child/Youth,1452
1265,2024-12,F5 Neutral Bay,Concession,770
1266,2024-12,F5 Neutral Bay,Day Pass without SAF,0
1267,2024-12,F5 Neutral Bay,Employee,160
1268,2024-12,F5 Neutral Bay,Free Travel,64
1269,2024-12,F5 Neutral Bay,School Student,148
1270,2024-12,F5 Neutral Bay,Senior/Pensioner,8743
1271,2024-12,F5 Neutral Bay,Sgl Trip Ferry Adult,484
1272,2024-12,F5 Neutral Bay,Sgl Trip Ferry Child/Youth,286
1273,2024-12,F6 Mosman Bay,Adult,13935
1274,2024-12,F6 Mosman Bay,CTP,31759
1275,2024-12,F6 Mosman Bay,Child/Youth,2322
1276,2024-12,F6 Mosman Bay,Concession,1051
1277,2024-12,F6 Mosman Bay,Day Pass without SAF,0
1278,2024-12,F6 Mosman Bay,Employee,199
1279,2024-12,F6 Mosman Bay,Free Travel,83
1280,2024-12,F6 Mosman Bay,School Student,179
1281,2024-12,F6 Mosman Bay,Senior/Pensioner,10627
1282,2024-12,F6 Mosman Bay,Sgl Trip Ferry Adult,801
1283,2024-12,F6 Mosman Bay,Sgl Trip Ferry Child/Youth,541
1284,2024-12,F6 Mosman Bay,UNKNOWN,2
1285,2024-12,F7 Double Bay,Adult,4003
1286,2024-12,F7 Double Bay,CTP,13804
1287,2024-12,F7 Double Bay,Child/Youth,744
1288,2024-12,F7 Double Bay,Concession,166
1289,2024-12,F7 Double Bay,Day Pass without SAF,0
1290,2024-12,F7 Double Bay,Employee,27
1291,2024-12,F7 Double Bay,Free Travel,19
1292,2024-12,F7 Double Bay,School Student,54
1293,2024-12,F7 Double Bay,Senior/Pensioner,3418
1294,2024-12,F7 Double Bay,Sgl Trip Ferry Adult,147
1295,2024-12,F7 Double Bay,Sgl Trip Ferry Child/Youth,72
1296,2024-12,F8 Cockatoo Island,Adult,10236
1297,2024-12,F8 Cockatoo Island,CTP,21514
1298,2024-12,F8 Cockatoo Island,Child/Youth,3606
1299,2024-12,F8 Cockatoo Island,Concession,700
1300,2024-12,F8 Cockatoo Island,Day Pass Child/Youth w/o SAF,4
1301,2024-12,F8 Cockatoo Island,Day Pass without SAF,2
1302,2024-12,F8 Cockatoo Island,Employee,149
1303,2024-12,F8 Cockatoo Island,Free Travel,70
1304,2024-12,F8 Cockatoo Island,School Student,308
1305,2024-12,F8 Cockatoo Island,Senior/Pensioner,7108
1306,2024-12,F8 Cockatoo Island,Sgl Trip Ferry Adult,514
1307,2024-12,F8 Cockatoo Island,Sgl Trip Ferry Child/Youth,293
1308,2024-12,F9 Watsons Bay,Adult,41168
1309,2024-12,F9 Watsons Bay,CTP,101822
1310,2024-12,F9 Watsons Bay,Child/Youth,8310
1311,2024-12,F9 Watsons Bay,Concession,1893
1312,2024-12,F9 Watsons Bay,Day Pass Child/Youth w/o SAF,11
1313,2024-12,F9 Watsons Bay,Day Pass without SAF,3
1314,2024-12,F9 Watsons Bay,Employee,335
1315,2024-12,F9 Watsons Bay,Free Travel,121
1316,2024-12,F9 Watsons Bay,School Student,394
1317,2024-12,F9 Watsons Bay,Senior/Pensioner,19365
1318,2024-12,F9 Watsons Bay,Sgl Trip Ferry Adult,1875
1319,2024-12,F9 Watsons Bay,Sgl Trip Ferry Child/Youth,949
1320,2025-01,118F Newcastle,Adult,7206
1321,2025-01,118F Newcastle,CTP,16660
1322,2025-01,118F Newcastle,Child/Youth,3035
1323,2025-01,118F Newcastle,Concession,417
1324,2025-01,118F Newcastle,Employee,276
1325,2025-01,118F Newcastle,Free Travel,297
1326,2025-01,118F Newcastle,Senior/Pensioner,9958
1327,2025-01,F1 Manly,Adult,180515
1328,2025-01,F1 Manly,CTP,416853
1329,2025-01,F1 Manly,Child/Youth,61181
1330,2025-01,F1 Manly,Concession,8707
1331,2025-01,F1 Manly,Day Pass without SAF,16
1332,2025-01,F1 Manly,Employee,2390
1333,2025-01,F1 Manly,Free Travel,721
1334,2025-01,F1 Manly,School Student,75
1335,2025-01,F1 Manly,Senior/Pensioner,71738
1336,2025-01,F1 Manly,Sgl Trip Ferry Adult,15192
1337,2025-01,F1 Manly,Sgl Trip Ferry Child/Youth,11089
1338,2025-01,F1 Manly,UNKNOWN,4
1339,2025-01,F2 Taronga Zoo,Adult,36760
1340,2025-01,F2 Taronga Zoo,CTP,76806
1341,2025-01,F2 Taronga Zoo,Child/Youth,17835
1342,2025-01,F2 Taronga Zoo,Concession,1334
1343,2025-01,F2 Taronga Zoo,Day Pass without SAF,2
1344,2025-01,F2 Taronga Zoo,Employee,313
1345,2025-01,F2 Taronga Zoo,Free Travel,86
1346,2025-01,F2 Taronga Zoo,School Student,13
1347,2025-01,F2 Taronga Zoo,Senior/Pensioner,8626
1348,2025-01,F2 Taronga Zoo,Sgl Trip Ferry Adult,5042
1349,2025-01,F2 Taronga Zoo,Sgl Trip Ferry Child/Youth,3573
1350,2025-01,F2 Taronga Zoo,UNKNOWN,1
1351,2025-01,F3 Parramatta River,Adult,62555
1352,2025-01,F3 Parramatta River,CTP,96769
1353,2025-01,F3 Parramatta River,Child/Youth,19839
1354,2025-01,F3 Parramatta River,Concession,3126
1355,2025-01,F3 Parramatta River,Day Pass without SAF,5
1356,2025-01,F3 Parramatta River,Employee,1134
1357,2025-01,F3 Parramatta River,Free Travel,348
1358,2025-01,F3 Parramatta River,School Student,64
1359,2025-01,F3 Parramatta River,Senior/Pensioner,34950
1360,2025-01,F3 Parramatta River,Sgl Trip Ferry Adult,7332
1361,2025-01,F3 Parramatta River,Sgl Trip Ferry Child/Youth,2886
1362,2025-01,F4 Pyrmont Bay,Adult,66790
1363,2025-01,F4 Pyrmont Bay,CTP,141486
1364,2025-01,F4 Pyrmont Bay,Child/Youth,34389
1365,2025-01,F4 Pyrmont Bay,Concession,3052
1366,2025-01,F4 Pyrmont Bay,Day Pass without SAF,16
1367,2025-01,F4 Pyrmont Bay,Employee,788
1368,2025-01,F4 Pyrmont Bay,Free Travel,297
1369,2025-01,F4 Pyrmont Bay,School Student,46
1370,2025-01,F4 Pyrmont Bay,Senior/Pensioner,31064
1371,2025-01,F4 Pyrmont Bay,Sgl Trip Ferry Adult,6482
1372,2025-01,F4 Pyrmont Bay,Sgl Trip Ferry Child/Youth,5430
1373,2025-01,F5 Neutral Bay,Adult,10296
1374,2025-01,F5 Neutral Bay,CTP,22234
1375,2025-01,F5 Neutral Bay,Child/Youth,1896
1376,2025-01,F5 Neutral Bay,Concession,760
1377,2025-01,F5 Neutral Bay,Day Pass without SAF,0
1378,2025-01,F5 Neutral Bay,Employee,160
1379,2025-01,F5 Neutral Bay,Free Travel,38
1380,2025-01,F5 Neutral Bay,School Student,7
1381,2025-01,F5 Neutral Bay,Senior/Pensioner,7341
1382,2025-01,F5 Neutral Bay,Sgl Trip Ferry Adult,440
1383,2025-01,F5 Neutral Bay,Sgl Trip Ferry Child/Youth,290
1384,2025-01,F6 Mosman Bay,Adult,13923
1385,2025-01,F6 Mosman Bay,CTP,28491
1386,2025-01,F6 Mosman Bay,Child/Youth,2691
1387,2025-01,F6 Mosman Bay,Concession,937
1388,2025-01,F6 Mosman Bay,Day Pass without SAF,0
1389,2025-01,F6 Mosman Bay,Employee,156
1390,2025-01,F6 Mosman Bay,Free Travel,63
1391,2025-01,F6 Mosman Bay,School Student,5
1392,2025-01,F6 Mosman Bay,Senior/Pensioner,9901
1393,2025-01,F6 Mosman Bay,Sgl Trip Ferry Adult,702
1394,2025-01,F6 Mosman Bay,Sgl Trip Ferry Child/Youth,535
1395,2025-01,F7 Double Bay,Adult,3979
1396,2025-01,F7 Double Bay,CTP,13053
1397,2025-01,F7 Double Bay,Child/Youth,928
1398,2025-01,F7 Double Bay,Concession,111
1399,2025-01,F7 Double Bay,Day Pass without SAF,0
1400,2025-01,F7 Double Bay,Employee,37
1401,2025-01,F7 Double Bay,Free Travel,12
1402,2025-01,F7 Double Bay,School Student,2
1403,2025-01,F7 Double Bay,Senior/Pensioner,3268
1404,2025-01,F7 Double Bay,Sgl Trip Ferry Adult,165
1405,2025-01,F7 Double Bay,Sgl Trip Ferry Child/Youth,82
1406,2025-01,F8 Cockatoo Island,Adult,10678
1407,2025-01,F8 Cockatoo Island,CTP,20134
1408,2025-01,F8 Cockatoo Island,Child/Youth,3429
1409,2025-01,F8 Cockatoo Island,Concession,598
1410,2025-01,F8 Cockatoo Island,Day Pass without SAF,0
1411,2025-01,F8 Cockatoo Island,Employee,136
1412,2025-01,F8 Cockatoo Island,Free Travel,56
1413,2025-01,F8 Cockatoo Island,School Student,8
1414,2025-01,F8 Cockatoo Island,Senior/Pensioner,7540
1415,2025-01,F8 Cockatoo Island,Sgl Trip Ferry Adult,412
1416,2025-01,F8 Cockatoo Island,Sgl Trip Ferry Child/Youth,288
1417,2025-01,F9 Watsons Bay,Adult,37944
1418,2025-01,F9 Watsons Bay,CTP,88834
1419,2025-01,F9 Watsons Bay,Child/Youth,11252
1420,2025-01,F9 Watsons Bay,Concession,1514
1421,2025-01,F9 Watsons Bay,Day Pass without SAF,0
1422,2025-01,F9 Watsons Bay,Employee,370
1423,2025-01,F9 Watsons Bay,Free Travel,117
1424,2025-01,F9 Watsons Bay,School Student,19
1425,2025-01,F9 Watsons Bay,Senior/Pensioner,17995
1426,2025-01,F9 Watsons Bay,Sgl Trip Ferry Adult,1769
1427,2025-01,F9 Watsons Bay,Sgl Trip Ferry Child/Youth,1019
1428,2025-02,118F Newcastle,Adult,6608
1429,2025-02,118F Newcastle,CTP,18164
1430,2025-02,118F Newcastle,Child/Youth,855
1431,2025-02,118F Newcastle,Concession,450
1432,2025-02,118F Newcastle,Day Pass without SAF,1
1433,2025-02,118F Newcastle,Employee,361
1434,2025-02,118F Newcastle,Free Travel,336
1435,2025-02,118F Newcastle,School Student,312
1436,2025-02,118F Newcastle,Senior/Pensioner,9958
1437,2025-02,F1 Manly,Adult,159470
1438,2025-02,F1 Manly,CTP,406863
1439,2025-02,F1 Manly,Child/Youth,22756
1440,2025-02,F1 Manly,Concession,10631
1441,2025-02,F1 Manly,Day Pass Child/Youth w/o SAF,1
1442,2025-02,F1 Manly,Day Pass without SAF,25
1443,2025-02,F1 Manly,Employee,2056
1444,2025-02,F1 Manly,Free Travel,660
1445,2025-02,F1 Manly,School Student,2836
1446,2025-02,F1 Manly,Senior/Pensioner,67627
1447,2025-02,F1 Manly,Sgl Trip Ferry Adult,9046
1448,2025-02,F1 Manly,Sgl Trip Ferry Child/Youth,3122
1449,2025-02,F1 Manly,UNKNOWN,13
1450,2025-02,F2 Taronga Zoo,Adult,28188
1451,2025-02,F2 Taronga Zoo,CTP,65542
1452,2025-02,F2 Taronga Zoo,Child/Youth,6100
1453,2025-02,F2 Taronga Zoo,Concession,1351
1454,2025-02,F2 Taronga Zoo,Day Pass without SAF,0
1455,2025-02,F2 Taronga Zoo,Employee,215
1456,2025-02,F2 Taronga Zoo,Free Travel,79
1457,2025-02,F2 Taronga Zoo,School Student,392
1458,2025-02,F2 Taronga Zoo,Senior/Pensioner,7584
1459,2025-02,F2 Taronga Zoo,Sgl Trip Ferry Adult,3158
1460,2025-02,F2 Taronga Zoo,Sgl Trip Ferry Child/Youth,1146
1461,2025-02,F2 Taronga Zoo,UNKNOWN,1
1462,2025-02,F3 Parramatta River,Adult,56405
1463,2025-02,F3 Parramatta River,CTP,96322
1464,2025-02,F3 Parramatta River,Child/Youth,7935
1465,2025-02,F3 Parramatta River,Concession,3450
1466,2025-02,F3 Parramatta River,Day Pass without SAF,0
1467,2025-02,F3 Parramatta River,Employee,868
1468,2025-02,F3 Parramatta River,Free Travel,312
1469,2025-02,F3 Parramatta River,School Student,3774
1470,2025-02,F3 Parramatta River,Senior/Pensioner,33315
1471,2025-02,F3 Parramatta River,Sgl Trip Ferry Adult,5545
1472,2025-02,F3 Parramatta River,Sgl Trip Ferry Child/Youth,903
1473,2025-02,F3 Parramatta River,UNKNOWN,10
1474,2025-02,F4 Pyrmont Bay,Adult,47714
1475,2025-02,F4 Pyrmont Bay,CTP,110248
1476,2025-02,F4 Pyrmont Bay,Child/Youth,12675
1477,2025-02,F4 Pyrmont Bay,Concession,2736
1478,2025-02,F4 Pyrmont Bay,Day Pass without SAF,0
1479,2025-02,F4 Pyrmont Bay,Employee,616
1480,2025-02,F4 Pyrmont Bay,Free Travel,241
1481,2025-02,F4 Pyrmont Bay,School Student,1462
1482,2025-02,F4 Pyrmont Bay,Senior/Pensioner,24314
1483,2025-02,F4 Pyrmont Bay,Sgl Trip Ferry Adult,3587
1484,2025-02,F4 Pyrmont Bay,Sgl Trip Ferry Child/Youth,1545
1485,2025-02,F4 Pyrmont Bay,UNKNOWN,0
1486,2025-02,F5 Neutral Bay,Adult,10412
1487,2025-02,F5 Neutral Bay,CTP,25207
1488,2025-02,F5 Neutral Bay,Child/Youth,925
1489,2025-02,F5 Neutral Bay,Concession,1076
1490,2025-02,F5 Neutral Bay,Day Pass without SAF,0
1491,2025-02,F5 Neutral Bay,Employee,145
1492,2025-02,F5 Neutral Bay,Free Travel,63
1493,2025-02,F5 Neutral Bay,School Student,215
1494,2025-02,F5 Neutral Bay,Senior/Pensioner,8444
1495,2025-02,F5 Neutral Bay,Sgl Trip Ferry Adult,327
1496,2025-02,F5 Neutral Bay,Sgl Trip Ferry Child/Youth,97
1497,2025-02,F5 Neutral Bay,UNKNOWN,0
1498,2025-02,F6 Mosman Bay,Adult,14086
1499,2025-02,F6 Mosman Bay,CTP,32144
1500,2025-02,F6 Mosman Bay,Child/Youth,1222
1501,2025-02,F6 Mosman Bay,Concession,1235
1502,2025-02,F6 Mosman Bay,Day Pass without SAF,0
1503,2025-02,F6 Mosman Bay,Employee,184
1504,2025-02,F6 Mosman Bay,Free Travel,102
1505,2025-02,F6 Mosman Bay,School Student,317
1506,2025-02,F6 Mosman Bay,Senior/Pensioner,11688
1507,2025-02,F6 Mosman Bay,Sgl Trip Ferry Adult,535
1508,2025-02,F6 Mosman Bay,Sgl Trip Ferry Child/Youth,167
1509,2025-02,F6 Mosman Bay,UNKNOWN,0
1510,2025-02,F7 Double Bay,Adult,4182
1511,2025-02,F7 Double Bay,CTP,14597
1512,2025-02,F7 Double Bay,Child/Youth,332
1513,2025-02,F7 Double Bay,Concession,208
1514,2025-02,F7 Double Bay,Day Pass without SAF,0
1515,2025-02,F7 Double Bay,Employee,26
1516,2025-02,F7 Double Bay,Free Travel,23
1517,2025-02,F7 Double Bay,School Student,105
1518,2025-02,F7 Double Bay,Senior/Pensioner,3602
1519,2025-02,F7 Double Bay,Sgl Trip Ferry Adult,143
1520,2025-02,F7 Double Bay,Sgl Trip Ferry Child/Youth,36
1521,2025-02,F7 Double Bay,UNKNOWN,0
1522,2025-02,F8 Cockatoo Island,Adult,9933
1523,2025-02,F8 Cockatoo Island,CTP,20346
1524,2025-02,F8 Cockatoo Island,Child/Youth,2103
1525,2025-02,F8 Cockatoo Island,Concession,808
1526,2025-02,F8 Cockatoo Island,Day Pass without SAF,0
1527,2025-02,F8 Cockatoo Island,Employee,151
1528,2025-02,F8 Cockatoo Island,Free Travel,76
1529,2025-02,F8 Cockatoo Island,School Student,620
1530,2025-02,F8 Cockatoo Island,Senior/Pensioner,7608
1531,2025-02,F8 Cockatoo Island,Sgl Trip Ferry Adult,305
1532,2025-02,F8 Cockatoo Island,Sgl Trip Ferry Child/Youth,103
1533,2025-02,F8 Cockatoo Island,UNKNOWN,0
1534,2025-02,F9 Watsons Bay,Adult,32236
1535,2025-02,F9 Watsons Bay,CTP,84173
1536,2025-02,F9 Watsons Bay,Child/Youth,4875
1537,2025-02,F9 Watsons Bay,Concession,1606
1538,2025-02,F9 Watsons Bay,Day Pass without SAF,0
1539,2025-02,F9 Watsons Bay,Employee,255
1540,2025-02,F9 Watsons Bay,Free Travel,116
1541,2025-02,F9 Watsons Bay,School Student,688
1542,2025-02,F9 Watsons Bay,Senior/Pensioner,17679
1543,2025-02,F9 Watsons Bay,Sgl Trip Ferry Adult,1492
1544,2025-02,F9 Watsons Bay,Sgl Trip Ferry Child/Youth,377
1545,2025-02,F9 Watsons Bay,UNKNOWN,0
1546,2025-02,MFF Manly Fast Ferry,Adult,0
1547,2025-02,MFF Manly Fast Ferry,CTP,0
1548,2025-02,MFF Manly Fast Ferry,Child/Youth,0
1549,2025-02,MFF Manly Fast Ferry,Concession,0
1550,2025-02,MFF Manly Fast Ferry,Employee,0
1551,2025-02,MFF Manly Fast Ferry,Free Travel,0
1552,2025-02,MFF Manly Fast Ferry,School Student,0
1553,2025-02,MFF Manly Fast Ferry,Senior/Pensioner,0
1554,2025-02,MFF Manly Fast Ferry,Sgl Trip Ferry Adult,0
1555,2025-02,MFF Manly Fast Ferry,Sgl Trip Ferry Child/Youth,0
1556,2025-03,118F Newcastle,Adult,6187
1557,2025-03,118F Newcastle,CTP,17158
1558,2025-03,118F Newcastle,Child/Youth,864
1559,2025-03,118F Newcastle,Concession,621
1560,2025-03,118F Newcastle,Day Pass without SAF,3
1561,2025-03,118F Newcastle,Employee,248
1562,2025-03,118F Newcastle,Free Travel,311
1563,2025-03,118F Newcastle,School Student,308
1564,2025-03,118F Newcastle,Senior/Pensioner,9762
1565,2025-03,F1 Manly,Adult,159065
1566,2025-03,F1 Manly,CTP,414979
1567,2025-03,F1 Manly,Child/Youth,18106
1568,2025-03,F1 Manly,Concession,13444
1569,2025-03,F1 Manly,Day Pass without SAF,22
1570,2025-03,F1 Manly,Employee,1923
1571,2025-03,F1 Manly,Free Travel,628
1572,2025-03,F1 Manly,School Student,2945
1573,2025-03,F1 Manly,Senior/Pensioner,66935
1574,2025-03,F1 Manly,Sgl Trip Ferry Adult,8511
1575,2025-03,F1 Manly,Sgl Trip Ferry Child/Youth,3124
1576,2025-03,F2 Taronga Zoo,Adult,28423
1577,2025-03,F2 Taronga Zoo,CTP,71015
1578,2025-03,F2 Taronga Zoo,Child/Youth,5671
1579,2025-03,F2 Taronga Zoo,Concession,2193
1580,2025-03,F2 Taronga Zoo,Day Pass without SAF,0
1581,2025-03,F2 Taronga Zoo,Employee,202
1582,2025-03,F2 Taronga Zoo,Free Travel,82
1583,2025-03,F2 Taronga Zoo,School Student,479
1584,2025-03,F2 Taronga Zoo,Senior/Pensioner,8289
1585,2025-03,F2 Taronga Zoo,Sgl Trip Ferry Adult,3195
1586,2025-03,F2 Taronga Zoo,Sgl Trip Ferry Child/Youth,1363
1587,2025-03,F3 Parramatta River,Adult,55375
1588,2025-03,F3 Parramatta River,CTP,96730
1589,2025-03,F3 Parramatta River,Child/Youth,6795
1590,2025-03,F3 Parramatta River,Concession,3584
1591,2025-03,F3 Parramatta River,Day Pass without SAF,6
1592,2025-03,F3 Parramatta River,Employee,883
1593,2025-03,F3 Parramatta River,Free Travel,290
1594,2025-03,F3 Parramatta River,School Student,3793
1595,2025-03,F3 Parramatta River,Senior/Pensioner,32340
1596,2025-03,F3 Parramatta River,Sgl Trip Ferry Adult,5924
1597,2025-03,F3 Parramatta River,Sgl Trip Ferry Child/Youth,890
1598,2025-03,F4 Pyrmont Bay,Adult,47135
1599,2025-03,F4 Pyrmont Bay,CTP,111051
1600,2025-03,F4 Pyrmont Bay,Child/Youth,10682
1601,2025-03,F4 Pyrmont Bay,Concession,2803
1602,2025-03,F4 Pyrmont Bay,Day Pass without SAF,3
1603,2025-03,F4 Pyrmont Bay,Employee,594
1604,2025-03,F4 Pyrmont Bay,Free Travel,242
1605,2025-03,F4 Pyrmont Bay,School Student,1626
1606,2025-03,F4 Pyrmont Bay,Senior/Pensioner,25674
1607,2025-03,F4 Pyrmont Bay,Sgl Trip Ferry Adult,3595
1608,2025-03,F4 Pyrmont Bay,Sgl Trip Ferry Child/Youth,1447
1609,2025-03,F5 Neutral Bay,Adult,10760
1610,2025-03,F5 Neutral Bay,CTP,27417
1611,2025-03,F5 Neutral Bay,Child/Youth,840
1612,2025-03,F5 Neutral Bay,Concession,1255
1613,2025-03,F5 Neutral Bay,Day Pass without SAF,1
1614,2025-03,F5 Neutral Bay,Employee,140
1615,2025-03,F5 Neutral Bay,Free Travel,51
1616,2025-03,F5 Neutral Bay,School Student,290
1617,2025-03,F5 Neutral Bay,Senior/Pensioner,8418
1618,2025-03,F5 Neutral Bay,Sgl Trip Ferry Adult,321
1619,2025-03,F5 Neutral Bay,Sgl Trip Ferry Child/Youth,117
1620,2025-03,F6 Mosman Bay,Adult,14140
1621,2025-03,F6 Mosman Bay,CTP,34390
1622,2025-03,F6 Mosman Bay,Child/Youth,1128
1623,2025-03,F6 Mosman Bay,Concession,1754
1624,2025-03,F6 Mosman Bay,Day Pass without SAF,0
1625,2025-03,F6 Mosman Bay,Employee,210
1626,2025-03,F6 Mosman Bay,Free Travel,78
1627,2025-03,F6 Mosman Bay,School Student,353
1628,2025-03,F6 Mosman Bay,Senior/Pensioner,12375
1629,2025-03,F6 Mosman Bay,Sgl Trip Ferry Adult,439
1630,2025-03,F6 Mosman Bay,Sgl Trip Ferry Child/Youth,230
1631,2025-03,F7 Double Bay,Adult,3988
1632,2025-03,F7 Double Bay,CTP,15066
1633,2025-03,F7 Double Bay,Child/Youth,302
1634,2025-03,F7 Double Bay,Concession,175
1635,2025-03,F7 Double Bay,Day Pass without SAF,0
1636,2025-03,F7 Double Bay,Employee,12
1637,2025-03,F7 Double Bay,Free Travel,16
1638,2025-03,F7 Double Bay,School Student,126
1639,2025-03,F7 Double Bay,Senior/Pensioner,3707
1640,2025-03,F7 Double Bay,Sgl Trip Ferry Adult,119
1641,2025-03,F7 Double Bay,Sgl Trip Ferry Child/Youth,26
1642,2025-03,F8 Cockatoo Island,Adult,10312
1643,2025-03,F8 Cockatoo Island,CTP,21533
1644,2025-03,F8 Cockatoo Island,Child/Youth,2803
1645,2025-03,F8 Cockatoo Island,Concession,807
1646,2025-03,F8 Cockatoo Island,Day Pass without SAF,0
1647,2025-03,F8 Cockatoo Island,Employee,157
1648,2025-03,F8 Cockatoo Island,Free Travel,106
1649,2025-03,F8 Cockatoo Island,School Student,742
1650,2025-03,F8 Cockatoo Island,Senior/Pensioner,7846
1651,2025-03,F8 Cockatoo Island,Sgl Trip Ferry Adult,277
1652,2025-03,F8 Cockatoo Island,Sgl Trip Ferry Child/Youth,96
1653,2025-03,F9 Watsons Bay,Adult,30104
1654,2025-03,F9 Watsons Bay,CTP,85953
1655,2025-03,F9 Watsons Bay,Child/Youth,2714
1656,2025-03,F9 Watsons Bay,Concession,1676
1657,2025-03,F9 Watsons Bay,Day Pass without SAF,0
1658,2025-03,F9 Watsons Bay,Employee,285
1659,2025-03,F9 Watsons Bay,Free Travel,79
1660,2025-03,F9 Watsons Bay,School Student,647
1661,2025-03,F9 Watsons Bay,Senior/Pensioner,16238
1662,2025-03,F9 Watsons Bay,Sgl Trip Ferry Adult,1387
1663,2025-03,F9 Watsons Bay,Sgl Trip Ferry Child/Youth,338
1664,2025-03,MFF Manly Fast Ferry,Adult,0
1665,2025-03,MFF Manly Fast Ferry,CTP,0
1666,2025-03,MFF Manly Fast Ferry,Child/Youth,0
1667,2025-03,MFF Manly Fast Ferry,Concession,0
1668,2025-03,MFF Manly Fast Ferry,Employee,0
1669,2025-03,MFF Manly Fast Ferry,Free Travel,0
1670,2025-03,MFF Manly Fast Ferry,School Student,0
1671,2025-03,MFF Manly Fast Ferry,Senior/Pensioner,0
1672,2025-03,MFF Manly Fast Ferry,Sgl Trip Ferry Adult,0
1673,2025-03,MFF Manly Fast Ferry,Sgl Trip Ferry Child/Youth,0
1674,2025-04,118F Newcastle,Adult,6578
1675,2025-04,118F Newcastle,CTP,18312
1676,2025-04,118F Newcastle,Child/Youth,1768
1677,2025-04,118F Newcastle,Concession,565
1678,2025-04,118F Newcastle,Day Pass without SAF,1
1679,2025-04,118F Newcastle,Employee,319
1680,2025-04,118F Newcastle,Free Travel,273
1681,2025-04,118F Newcastle,School Student,128
1682,2025-04,118F Newcastle,Senior/Pensioner,9965
1683,2025-04,F1 Manly,Adult,161420
1684,2025-04,F1 Manly,CTP,393388
1685,2025-04,F1 Manly,Child/Youth,37354
1686,2025-04,F1 Manly,Concession,12664
1687,2025-04,F1 Manly,Day Pass without SAF,27
1688,2025-04,F1 Manly,Employee,1953
1689,2025-04,F1 Manly,Free Travel,693
1690,2025-04,F1 Manly,School Student,1552
1691,2025-04,F1 Manly,Senior/Pensioner,67452
1692,2025-04,F1 Manly,Sgl Trip Ferry Adult,10478
1693,2025-04,F1 Manly,Sgl Trip Ferry Child/Youth,7653
1694,2025-04,F1 Manly,UNKNOWN,5
1695,2025-04,F2 Taronga Zoo,Adult,33783
1696,2025-04,F2 Taronga Zoo,CTP,75797
1697,2025-04,F2 Taronga Zoo,Child/Youth,13813
1698,2025-04,F2 Taronga Zoo,Concession,2099
1699,2025-04,F2 Taronga Zoo,Day Pass without SAF,1
1700,2025-04,F2 Taronga Zoo,Employee,275
1701,2025-04,F2 Taronga Zoo,Free Travel,115
1702,2025-04,F2 Taronga Zoo,School Student,312
1703,2025-04,F2 Taronga Zoo,Senior/Pensioner,9345
1704,2025-04,F2 Taronga Zoo,Sgl Trip Ferry Adult,4237
1705,2025-04,F2 Taronga Zoo,Sgl Trip Ferry Child/Youth,3069
1706,2025-04,F2 Taronga Zoo,UNKNOWN,1
1707,2025-04,F3 Parramatta River,Adult,57639
1708,2025-04,F3 Parramatta River,CTP,101329
1709,2025-04,F3 Parramatta River,Child/Youth,15677
1710,2025-04,F3 Parramatta River,Concession,3252
1711,2025-04,F3 Parramatta River,Day Pass Child/Youth w/o SAF,1
1712,2025-04,F3 Parramatta River,Day Pass without SAF,6
1713,2025-04,F3 Parramatta River,Employee,887
1714,2025-04,F3 Parramatta River,Free Travel,276
1715,2025-04,F3 Parramatta River,School Student,1978
1716,2025-04,F3 Parramatta River,Senior/Pensioner,32809
1717,2025-04,F3 Parramatta River,Sgl Trip Ferry Adult,5504
1718,2025-04,F3 Parramatta River,Sgl Trip Ferry Child/Youth,2152
1719,2025-04,F3 Parramatta River,UNKNOWN,0
1720,2025-04,F4 Pyrmont Bay,Adult,54520
1721,2025-04,F4 Pyrmont Bay,CTP,125766
1722,2025-04,F4 Pyrmont Bay,Child/Youth,24869
1723,2025-04,F4 Pyrmont Bay,Concession,3200
1724,2025-04,F4 Pyrmont Bay,Day Pass without SAF,7
1725,2025-04,F4 Pyrmont Bay,Employee,755
1726,2025-04,F4 Pyrmont Bay,Free Travel,228
1727,2025-04,F4 Pyrmont Bay,School Student,914
1728,2025-04,F4 Pyrmont Bay,Senior/Pensioner,26032
1729,2025-04,F4 Pyrmont Bay,Sgl Trip Ferry Adult,4624
1730,2025-04,F4 Pyrmont Bay,Sgl Trip Ferry Child/Youth,3742
1731,2025-04,F4 Pyrmont Bay,UNKNOWN,1
1732,2025-04,F5 Neutral Bay,Adult,9849
1733,2025-04,F5 Neutral Bay,CTP,23660
1734,2025-04,F5 Neutral Bay,Child/Youth,1259
1735,2025-04,F5 Neutral Bay,Concession,1043
1736,2025-04,F5 Neutral Bay,Day Pass without SAF,0
1737,2025-04,F5 Neutral Bay,Employee,120
1738,2025-04,F5 Neutral Bay,Free Travel,51
1739,2025-04,F5 Neutral Bay,School Student,137
1740,2025-04,F5 Neutral Bay,Senior/Pensioner,7789
1741,2025-04,F5 Neutral Bay,Sgl Trip Ferry Adult,341
1742,2025-04,F5 Neutral Bay,Sgl Trip Ferry Child/Youth,227
1743,2025-04,F5 Neutral Bay,UNKNOWN,2
1744,2025-04,F6 Mosman Bay,Adult,13064
1745,2025-04,F6 Mosman Bay,CTP,30642
1746,2025-04,F6 Mosman Bay,Child/Youth,2213
1747,2025-04,F6 Mosman Bay,Concession,1491
1748,2025-04,F6 Mosman Bay,Day Pass without SAF,0
1749,2025-04,F6 Mosman Bay,Employee,215
1750,2025-04,F6 Mosman Bay,Free Travel,89
1751,2025-04,F6 Mosman Bay,School Student,170
1752,2025-04,F6 Mosman Bay,Senior/Pensioner,12017
1753,2025-04,F6 Mosman Bay,Sgl Trip Ferry Adult,545
1754,2025-04,F6 Mosman Bay,Sgl Trip Ferry Child/Youth,437
1755,2025-04,F6 Mosman Bay,UNKNOWN,2
1756,2025-04,F7 Double Bay,Adult,3342
1757,2025-04,F7 Double Bay,CTP,13184
1758,2025-04,F7 Double Bay,Child/Youth,591
1759,2025-04,F7 Double Bay,Concession,207
1760,2025-04,F7 Double Bay,Day Pass without SAF,0
1761,2025-04,F7 Double Bay,Employee,22
1762,2025-04,F7 Double Bay,Free Travel,17
1763,2025-04,F7 Double Bay,School Student,52
1764,2025-04,F7 Double Bay,Senior/Pensioner,3177
1765,2025-04,F7 Double Bay,Sgl Trip Ferry Adult,72
1766,2025-04,F7 Double Bay,Sgl Trip Ferry Child/Youth,39
1767,2025-04,F7 Double Bay,UNKNOWN,0
1768,2025-04,F8 Cockatoo Island,Adult,10350
1769,2025-04,F8 Cockatoo Island,CTP,21702
1770,2025-04,F8 Cockatoo Island,Child/Youth,3787
1771,2025-04,F8 Cockatoo Island,Concession,837
1772,2025-04,F8 Cockatoo Island,Day Pass without SAF,0
1773,2025-04,F8 Cockatoo Island,Employee,140
1774,2025-04,F8 Cockatoo Island,Free Travel,72
1775,2025-04,F8 Cockatoo Island,School Student,411
1776,2025-04,F8 Cockatoo Island,Senior/Pensioner,7802
1777,2025-04,F8 Cockatoo Island,Sgl Trip Ferry Adult,345
1778,2025-04,F8 Cockatoo Island,Sgl Trip Ferry Child/Youth,257
1779,2025-04,F8 Cockatoo Island,UNKNOWN,0
1780,2025-04,F9 Watsons Bay,Adult,33441
1781,2025-04,F9 Watsons Bay,CTP,81301
1782,2025-04,F9 Watsons Bay,Child/Youth,7328
1783,2025-04,F9 Watsons Bay,Concession,1929
1784,2025-04,F9 Watsons Bay,Day Pass without SAF,0
1785,2025-04,F9 Watsons Bay,Employee,287
1786,2025-04,F9 Watsons Bay,Free Travel,88
1787,2025-04,F9 Watsons Bay,School Student,304
1788,2025-04,F9 Watsons Bay,Senior/Pensioner,17529
1789,2025-04,F9 Watsons Bay,Sgl Trip Ferry Adult,1014
1790,2025-04,F9 Watsons Bay,Sgl Trip Ferry Child/Youth,634
1791,2025-04,F9 Watsons Bay,UNKNOWN,1
1792,2025-04,MFF Manly Fast Ferry,Adult,725
1793,2025-04,MFF Manly Fast Ferry,CTP,4754
1794,2025-04,MFF Manly Fast Ferry,Child/Youth,226
1795,2025-04,MFF Manly Fast Ferry,Concession,31
1796,2025-04,MFF Manly Fast Ferry,Day Pass without SAF,1
1797,2025-04,MFF Manly Fast Ferry,Employee,43
1798,2025-04,MFF Manly Fast Ferry,Free Travel,8
1799,2025-04,MFF Manly Fast Ferry,School Student,28
1800,2025-04,MFF Manly Fast Ferry,Senior/Pensioner,605
1801,2025-04,MFF Manly Fast Ferry,Sgl Trip Ferry Adult,472
1802,2025-04,MFF Manly Fast Ferry,Sgl Trip Ferry Child/Youth,209
1803,2025-05,118F Newcastle,Adult,5733
1804,2025-05,118F Newcastle,CTP,15251
1805,2025-05,118F Newcastle,Child/Youth,677
1806,2025-05,118F Newcastle,Concession,598
1807,2025-05,118F Newcastle,Employee,225
1808,2025-05,118F Newcastle,Free Travel,300
1809,2025-05,118F Newcastle,School Student,273
1810,2025-05,118F Newcastle,Senior/Pensioner,8659
1811,2025-05,F1 Manly,Adult,122512
1812,2025-05,F1 Manly,CTP,297863
1813,2025-05,F1 Manly,Child/Youth,12488
1814,2025-05,F1 Manly,Concession,9906
1815,2025-05,F1 Manly,Day Pass without SAF,5
1816,2025-05,F1 Manly,Employee,1629
1817,2025-05,F1 Manly,Free Travel,519
1818,2025-05,F1 Manly,School Student,2528
1819,2025-05,F1 Manly,Senior/Pensioner,54924
1820,2025-05,F1 Manly,Sgl Trip Ferry Adult,4084
1821,2025-05,F1 Manly,Sgl Trip Ferry Child/Youth,1784
1822,2025-05,F2 Taronga Zoo,Adult,23397
1823,2025-05,F2 Taronga Zoo,CTP,53852
1824,2025-05,F2 Taronga Zoo,Child/Youth,4982
1825,2025-05,F2 Taronga Zoo,Concession,1480
1826,2025-05,F2 Taronga Zoo,Day Pass without SAF,0
1827,2025-05,F2 Taronga Zoo,Employee,199
1828,2025-05,F2 Taronga Zoo,Free Travel,80
1829,2025-05,F2 Taronga Zoo,School Student,541
1830,2025-05,F2 Taronga Zoo,Senior/Pensioner,6895
1831,2025-05,F2 Taronga Zoo,Sgl Trip Ferry Adult,1918
1832,2025-05,F2 Taronga Zoo,Sgl Trip Ferry Child/Youth,709
1833,2025-05,F3 Parramatta River,Adult,54689
1834,2025-05,F3 Parramatta River,CTP,91319
1835,2025-05,F3 Parramatta River,Child/Youth,7727
1836,2025-05,F3 Parramatta River,Concession,3039
1837,2025-05,F3 Parramatta River,Day Pass Child/Youth w/o SAF,38
1838,2025-05,F3 Parramatta River,Day Pass without SAF,18
1839,2025-05,F3 Parramatta River,Employee,895
1840,2025-05,F3 Parramatta River,Free Travel,285
1841,2025-05,F3 Parramatta River,School Student,3696
1842,2025-05,F3 Parramatta River,Senior/Pensioner,29845
1843,2025-05,F3 Parramatta River,Sgl Trip Ferry Adult,3825
1844,2025-05,F3 Parramatta River,Sgl Trip Ferry Child/Youth,935
1845,2025-05,F4 Pyrmont Bay,Adult,48709
1846,2025-05,F4 Pyrmont Bay,CTP,112595
1847,2025-05,F4 Pyrmont Bay,Child/Youth,13657
1848,2025-05,F4 Pyrmont Bay,Concession,3539
1849,2025-05,F4 Pyrmont Bay,Day Pass without SAF,5
1850,2025-05,F4 Pyrmont Bay,Employee,719
1851,2025-05,F4 Pyrmont Bay,Free Travel,215
1852,2025-05,F4 Pyrmont Bay,School Student,1828
1853,2025-05,F4 Pyrmont Bay,Senior/Pensioner,26518
1854,2025-05,F4 Pyrmont Bay,Sgl Trip Ferry Adult,2463
1855,2025-05,F4 Pyrmont Bay,Sgl Trip Ferry Child/Youth,1377
1856,2025-05,F5 Neutral Bay,Adult,9568
1857,2025-05,F5 Neutral Bay,CTP,24613
1858,2025-05,F5 Neutral Bay,Child/Youth,835
1859,2025-05,F5 Neutral Bay,Concession,1077
1860,2025-05,F5 Neutral Bay,Day Pass without SAF,0
1861,2025-05,F5 Neutral Bay,Employee,152
1862,2025-05,F5 Neutral Bay,Free Travel,41
1863,2025-05,F5 Neutral Bay,School Student,325
1864,2025-05,F5 Neutral Bay,Senior/Pensioner,8436
1865,2025-05,F5 Neutral Bay,Sgl Trip Ferry Adult,153
1866,2025-05,F5 Neutral Bay,Sgl Trip Ferry Child/Youth,49
1867,2025-05,F6 Mosman Bay,Adult,12994
1868,2025-05,F6 Mosman Bay,CTP,30616
1869,2025-05,F6 Mosman Bay,Child/Youth,1266
1870,2025-05,F6 Mosman Bay,Concession,1505
1871,2025-05,F6 Mosman Bay,Day Pass without SAF,0
1872,2025-05,F6 Mosman Bay,Employee,251
1873,2025-05,F6 Mosman Bay,Free Travel,81
1874,2025-05,F6 Mosman Bay,School Student,345
1875,2025-05,F6 Mosman Bay,Senior/Pensioner,11478
1876,2025-05,F6 Mosman Bay,Sgl Trip Ferry Adult,216
1877,2025-05,F6 Mosman Bay,Sgl Trip Ferry Child/Youth,124
1878,2025-05,F7 Double Bay,Adult,3133
1879,2025-05,F7 Double Bay,CTP,12327
1880,2025-05,F7 Double Bay,Child/Youth,384
1881,2025-05,F7 Double Bay,Concession,154
1882,2025-05,F7 Double Bay,Day Pass without SAF,0
1883,2025-05,F7 Double Bay,Employee,18
1884,2025-05,F7 Double Bay,Free Travel,9
1885,2025-05,F7 Double Bay,School Student,79
1886,2025-05,F7 Double Bay,Senior/Pensioner,2995
1887,2025-05,F7 Double Bay,Sgl Trip Ferry Adult,24
1888,2025-05,F7 Double Bay,Sgl Trip Ferry Child/Youth,2
1889,2025-05,F8 Cockatoo Island,Adult,10194
1890,2025-05,F8 Cockatoo Island,CTP,20450
1891,2025-05,F8 Cockatoo Island,Child/Youth,2583
1892,2025-05,F8 Cockatoo Island,Concession,890
1893,2025-05,F8 Cockatoo Island,Day Pass Child/Youth w/o SAF,121
1894,2025-05,F8 Cockatoo Island,Day Pass without SAF,15
1895,2025-05,F8 Cockatoo Island,Employee,138
1896,2025-05,F8 Cockatoo Island,Free Travel,65
1897,2025-05,F8 Cockatoo Island,School Student,764
1898,2025-05,F8 Cockatoo Island,Senior/Pensioner,7559
1899,2025-05,F8 Cockatoo Island,Sgl Trip Ferry Adult,127
1900,2025-05,F8 Cockatoo Island,Sgl Trip Ferry Child/Youth,60
1901,2025-05,F9 Watsons Bay,Adult,25674
1902,2025-05,F9 Watsons Bay,CTP,68250
1903,2025-05,F9 Watsons Bay,Child/Youth,2729
1904,2025-05,F9 Watsons Bay,Concession,1576
1905,2025-05,F9 Watsons Bay,Day Pass without SAF,0
1906,2025-05,F9 Watsons Bay,Employee,171
1907,2025-05,F9 Watsons Bay,Free Travel,57
1908,2025-05,F9 Watsons Bay,School Student,499
1909,2025-05,F9 Watsons Bay,Senior/Pensioner,14331
1910,2025-05,F9 Watsons Bay,Sgl Trip Ferry Adult,602
1911,2025-05,F9 Watsons Bay,Sgl Trip Ferry Child/Youth,179
1912,2025-05,MFF Manly Fast Ferry,Adult,684
1913,2025-05,MFF Manly Fast Ferry,CTP,3948
1914,2025-05,MFF Manly Fast Ferry,Child/Youth,135
1915,2025-05,MFF Manly Fast Ferry,Concession,18
1916,2025-05,MFF Manly Fast Ferry,Employee,86
1917,2025-05,MFF Manly Fast Ferry,Free Travel,8
1918,2025-05,MFF Manly Fast Ferry,School Student,45
1919,2025-05,MFF Manly Fast Ferry,Senior/Pensioner,704
1920,2025-05,MFF Manly Fast Ferry,Sgl Trip Ferry Adult,198
1921,2025-05,MFF Manly Fast Ferry,Sgl Trip Ferry Child/Youth,57
1922,2025-06,118F Newcastle,Adult,5304
1923,2025-06,118F Newcastle,CTP,15498
1924,2025-06,118F Newcastle,Child/Youth,880
1925,2025-06,118F Newcastle,Concession,415
1926,2025-06,118F Newcastle,Employee,270
1927,2025-06,118F Newcastle,Free Travel,344
1928,2025-06,118F Newcastle,School Student,207
1929,2025-06,118F Newcastle,Senior/Pensioner,8563
1930,2025-06,F1 Manly,Adult,120968
1931,2025-06,F1 Manly,CTP,284730
1932,2025-06,F1 Manly,Child/Youth,17156
1933,2025-06,F1 Manly,Concession,8522
1934,2025-06,F1 Manly,Day Pass without SAF,15
1935,2025-06,F1 Manly,Employee,1637
1936,2025-06,F1 Manly,Free Travel,554
1937,2025-06,F1 Manly,School Student,2563
1938,2025-06,F1 Manly,Senior/Pensioner,57661
1939,2025-06,F1 Manly,Sgl Trip Ferry Adult,4786
1940,2025-06,F1 Manly,Sgl Trip Ferry Child/Youth,3204
1941,2025-06,F2 Taronga Zoo,Adult,25424
1942,2025-06,F2 Taronga Zoo,CTP,58068
1943,2025-06,F2 Taronga Zoo,Child/Youth,8245
1944,2025-06,F2 Taronga Zoo,Concession,1450
1945,2025-06,F2 Taronga Zoo,Day Pass Child/Youth w/o SAF,0
1946,2025-06,F2 Taronga Zoo,Day Pass without SAF,2
1947,2025-06,F2 Taronga Zoo,Employee,225
1948,2025-06,F2 Taronga Zoo,Free Travel,107
1949,2025-06,F2 Taronga Zoo,School Student,529
1950,2025-06,F2 Taronga Zoo,Senior/Pensioner,7372
1951,2025-06,F2 Taronga Zoo,Sgl Trip Ferry Adult,2703
1952,2025-06,F2 Taronga Zoo,Sgl Trip Ferry Child/Youth,1684
1953,2025-06,F3 Parramatta River,Adult,46450
1954,2025-06,F3 Parramatta River,CTP,80509
1955,2025-06,F3 Parramatta River,Child/Youth,8818
1956,2025-06,F3 Parramatta River,Concession,2736
1957,2025-06,F3 Parramatta River,Day Pass Child/Youth w/o SAF,28
1958,2025-06,F3 Parramatta River,Day Pass without SAF,4
1959,2025-06,F3 Parramatta River,Employee,873
1960,2025-06,F3 Parramatta River,Free Travel,225
1961,2025-06,F3 Parramatta River,School Student,2562
1962,2025-06,F3 Parramatta River,Senior/Pensioner,29630
1963,2025-06,F3 Parramatta River,Sgl Trip Ferry Adult,4160
1964,2025-06,F3 Parramatta River,Sgl Trip Ferry Child/Youth,1532
1965,2025-06,F4 Pyrmont Bay,Adult,55057
1966,2025-06,F4 Pyrmont Bay,CTP,125435
1967,2025-06,F4 Pyrmont Bay,Child/Youth,19031
1968,2025-06,F4 Pyrmont Bay,Concession,3976
1969,2025-06,F4 Pyrmont Bay,Day Pass Child/Youth w/o SAF,16
1970,2025-06,F4 Pyrmont Bay,Day Pass without SAF,9
1971,2025-06,F4 Pyrmont Bay,Employee,883
1972,2025-06,F4 Pyrmont Bay,Free Travel,282
1973,2025-06,F4 Pyrmont Bay,School Student,1912
1974,2025-06,F4 Pyrmont Bay,Senior/Pensioner,29942
1975,2025-06,F4 Pyrmont Bay,Sgl Trip Ferry Adult,3693
1976,2025-06,F4 Pyrmont Bay,Sgl Trip Ferry Child/Youth,2892
1977,2025-06,F5 Neutral Bay,Adult,8722
1978,2025-06,F5 Neutral Bay,CTP,21324
1979,2025-06,F5 Neutral Bay,Child/Youth,903
1980,2025-06,F5 Neutral Bay,Concession,853
1981,2025-06,F5 Neutral Bay,Day Pass Child/Youth w/o SAF,0
1982,2025-06,F5 Neutral Bay,Day Pass without SAF,0
1983,2025-06,F5 Neutral Bay,Employee,155
1984,2025-06,F5 Neutral Bay,Free Travel,51
1985,2025-06,F5 Neutral Bay,School Student,203
1986,2025-06,F5 Neutral Bay,Senior/Pensioner,7962
1987,2025-06,F5 Neutral Bay,Sgl Trip Ferry Adult,208
1988,2025-06,F5 Neutral Bay,Sgl Trip Ferry Child/Youth,143
1989,2025-06,F6 Mosman Bay,Adult,10198
1990,2025-06,F6 Mosman Bay,CTP,25165
1991,2025-06,F6 Mosman Bay,Child/Youth,1255
1992,2025-06,F6 Mosman Bay,Concession,1108
1993,2025-06,F6 Mosman Bay,Day Pass Child/Youth w/o SAF,0
1994,2025-06,F6 Mosman Bay,Day Pass without SAF,0
1995,2025-06,F6 Mosman Bay,Employee,159
1996,2025-06,F6 Mosman Bay,Free Travel,110
1997,2025-06,F6 Mosman Bay,School Student,249
1998,2025-06,F6 Mosman Bay,Senior/Pensioner,9059
1999,2025-06,F6 Mosman Bay,Sgl Trip Ferry Adult,305
2000,2025-06,F6 Mosman Bay,Sgl Trip Ferry Child/Youth,276
2001,2025-06,F7 Double Bay,Adult,2821
2002,2025-06,F7 Double Bay,CTP,11840
2003,2025-06,F7 Double Bay,Child/Youth,568
2004,2025-06,F7 Double Bay,Concession,164
2005,2025-06,F7 Double Bay,Day Pass Child/Youth w/o SAF,0
2006,2025-06,F7 Double Bay,Day Pass without SAF,0
2007,2025-06,F7 Double Bay,Employee,23
2008,2025-06,F7 Double Bay,Free Travel,6
2009,2025-06,F7 Double Bay,School Student,77
2010,2025-06,F7 Double Bay,Senior/Pensioner,3103
2011,2025-06,F7 Double Bay,Sgl Trip Ferry Adult,66
2012,2025-06,F7 Double Bay,Sgl Trip Ferry Child/Youth,28
2013,2025-06,F8 Cockatoo Island,Adult,8285
2014,2025-06,F8 Cockatoo Island,CTP,17904
2015,2025-06,F8 Cockatoo Island,Child/Youth,2461
2016,2025-06,F8 Cockatoo Island,Concession,772
2017,2025-06,F8 Cockatoo Island,Day Pass Child/Youth w/o SAF,7
2018,2025-06,F8 Cockatoo Island,Day Pass without SAF,0
2019,2025-06,F8 Cockatoo Island,Employee,133
2020,2025-06,F8 Cockatoo Island,Free Travel,57
2021,2025-06,F8 Cockatoo Island,School Student,643
2022,2025-06,F8 Cockatoo Island,Senior/Pensioner,7237
2023,2025-06,F8 Cockatoo Island,Sgl Trip Ferry Adult,191
2024,2025-06,F8 Cockatoo Island,Sgl Trip Ferry Child/Youth,140
2025,2025-06,F9 Watsons Bay,Adult,25945
2026,2025-06,F9 Watsons Bay,CTP,64799
2027,2025-06,F9 Watsons Bay,Child/Youth,3894
2028,2025-06,F9 Watsons Bay,Concession,1457
2029,2025-06,F9 Watsons Bay,Day Pass Child/Youth w/o SAF,0
2030,2025-06,F9 Watsons Bay,Day Pass without SAF,0
2031,2025-06,F9 Watsons Bay,Employee,205
2032,2025-06,F9 Watsons Bay,Free Travel,80
2033,2025-06,F9 Watsons Bay,School Student,429
2034,2025-06,F9 Watsons Bay,Senior/Pensioner,15271
2035,2025-06,F9 Watsons Bay,Sgl Trip Ferry Adult,631
2036,2025-06,F9 Watsons Bay,Sgl Trip Ferry Child/Youth,342
2037,2025-06,MFF Manly Fast Ferry,Adult,569
2038,2025-06,MFF Manly Fast Ferry,CTP,3619
2039,2025-06,MFF Manly Fast Ferry,Child/Youth,122
2040,2025-06,MFF Manly Fast Ferry,Concession,23
2041,2025-06,MFF Manly Fast Ferry,Employee,49
2042,2025-06,MFF Manly Fast Ferry,Free Travel,27
2043,2025-06,MFF Manly Fast Ferry,School Student,36
2044,2025-06,MFF Manly Fast Ferry,Senior/Pensioner,589
2045,2025-06,MFF Manly Fast Ferry,Sgl Trip Ferry Adult,241
2046,2025-06,MFF Manly Fast Ferry,Sgl Trip Ferry Child/Youth,92
